2025-05-26 15:13:45.245,CONNECT_SERVER_SUB,"Server is waiting for handshaking with client at port 51103"
2025-05-26 15:13:45.641,LAQRA,"Process App Status: ACTIVE"
2025-05-26 15:13:45.648,BrightnessController,"Got message from the Broadcast of Brightness Controller with message: CHANGE_BRIGHTNESS_BY_DOOR_SIGNAL"
2025-05-26 15:13:45.655,TCP_CMD10H,"COMMAND 10H DATA ----------------------->>>>> : address 192.168.254.50 Reader Screen Number: 1C	data　section: 0101000000000000000000000000001C1C6363FFFFFF000000FFFF000000000000FFFFFFFFFFFF000000FFFFFFFFFFFF0000000251528352815B836882F082A982B482B582C482AD82BE82B382A281420D0A000000000000000000000000000000000000000000000000000000000000000000000000 Timeout: 0000"
2025-05-26 15:13:45.656,TCP_PERIODIC,"Communicating to 192.168.254.50:51002 command 10 in Thread : Thread-21"
2025-05-26 15:13:45.669,TCP_PERIODIC,"successfully communicated with /192.168.254.50:51002"
2025-05-26 15:13:50.644,PAYMENT,"Send request to show door close screen"
2025-05-26 15:13:50.652,TCP_CMD10H,"COMMAND 10H DATA ----------------------->>>>> : address 192.168.254.51 Reader Screen Number: 1F	data　section: 0000000000000000000000000000001F1F63FFFFFFFF000000FFFF000000000000FFFFFFFFFFFF000000FFFFFFFFFFFF000000000D0A00000000000000000000000000000000000000000000000000000000000000000000000000000000000000000000000000000000000000000000000000000000 Timeout: 0000"
2025-05-26 15:13:50.654,TCP_PERIODIC,"Communicating to 192.168.254.51:51002 command 10 in Thread : Thread-12"
2025-05-26 15:13:50.655,ReaderRequestController,"Send to reader with the command of screen number: 1F done   "
2025-05-26 15:13:50.664,TCP_PERIODIC,"successfully communicated with /192.168.254.51:51002"
2025-05-26 15:14:04.714,CONNECT_SERVER_SUB,"Server is having error due to timeout java.net.SocketTimeoutException: Poll timed out port 51103"
2025-05-26 15:14:23.961,CONNECT_SERVER_SUB,"Server is waiting for handshaking with client at port 51103"
2025-05-26 15:14:42.816,CONNECT_SERVER_SUB,"Server is having error due to timeout java.net.SocketTimeoutException: Poll timed out port 51103"
2025-05-26 16:27:06.107,LAQRA,"App is starting..."
2025-05-26 16:27:06.784,ErrorDatabase,"The database file has been created"
2025-05-26 16:27:07.824,LAQRA,"(Android Activity LifeCycle) App is onResume"
2025-05-26 16:27:10.059,UPDATE_PROCEDURE,"destroy Instance of UpdateProcedure"
2025-05-26 16:27:10.091,UPDATE_PROCEDURE,"Task UpdateProcedure is starting..."
2025-05-26 16:27:10.092,UPDATE_PROCEDURE,"Performing onStarted event for UpdateProcedure..."
2025-05-26 16:27:10.721,UPDATE_PROCEDURE,"Start UpdateProcedure using thread pool 0/30"
2025-05-26 16:27:10.736,UPDATE_PROCEDURE,"Task ContinueOngoingUpdate is starting..."
2025-05-26 16:27:10.737,UPDATE_PROCEDURE,"Performing onStarted event for ContinueOngoingUpdate..."
2025-05-26 16:27:10.739,UPDATE_PROCEDURE,"Start ContinueOngoingUpdate using thread pool 1/30"
2025-05-26 16:27:10.742,UPDATE_PROCEDURE,"Fetch system update status, got NONE"
2025-05-26 16:27:10.746,UPDATE_PROCEDURE,"Task ContinueOngoingUpdate finished with result SKIPPED"
2025-05-26 16:27:10.747,UPDATE_PROCEDURE,"Task GetUpdateFiles is starting..."
2025-05-26 16:27:10.748,UPDATE_PROCEDURE,"Performing onStarted event for GetUpdateFiles..."
2025-05-26 16:27:10.749,UPDATE_PROCEDURE,"Start GetUpdateFiles using thread pool 1/30"
2025-05-26 16:27:10.750,UPDATE_PROCEDURE,"Task GetUpdatePackageSomewhere is starting..."
2025-05-26 16:27:10.750,UPDATE_PROCEDURE,"Performing onStarted event for GetUpdatePackageSomewhere..."
2025-05-26 16:27:10.751,UPDATE_PROCEDURE,"Start GetUpdatePackageSomewhere using thread pool 2/30"
2025-05-26 16:27:10.752,UPDATE_PROCEDURE,"Task GetUpdatePackageLocal is starting..."
2025-05-26 16:27:10.753,UPDATE_PROCEDURE,"Performing onStarted event for GetUpdatePackageLocal..."
2025-05-26 16:27:10.753,UPDATE_PROCEDURE,"Start GetUpdatePackageLocal using thread pool 1/30"
2025-05-26 16:27:10.755,UPDATE_PROCEDURE,"USB Setup State = CONNECTING"
2025-05-26 16:27:10.757,UPDATE_PROCEDURE,"Start checking USB Media"
2025-05-26 16:27:10.933,ABTControllerManager,"Main-Sub Controller Connection is creating...."
2025-05-26 16:27:10.942,CONNECT_CLIENT,"From the time the app starts to the time the Client socket connection opens (socketの接続開始) ( IP: 192.168.254.30 port: 52103) in 4829ms"
2025-05-26 16:27:11.518,TCP_IMPL,"Establishing reader communication thread for 192.168.254.50:52007"
2025-05-26 16:27:11.518,TCP_IMPL,"Establishing reader communication thread for 192.168.254.51:52008"
2025-05-26 16:27:11.524,TCP_IMPL,"Waiting for connection for 192.168.254.51:52008"
2025-05-26 16:27:11.524,TCP_IMPL,"Waiting for connection for 192.168.254.50:52007"
2025-05-26 16:27:11.950,ABTControllerManager,"Check to start send data to client/host with  (attempted 0 times)"
2025-05-26 16:27:12.951,ABTControllerManager,"Check to start send data to client/host with  (attempted 1 times)"
2025-05-26 16:27:12.953,MiddleWareChecker,"Check connection of controller with IP 192.168.254.30 Port 52103 Error: PING  --->NOT OK"
2025-05-26 16:27:13.956,ABTControllerManager,"Check to start send data to client/host with  (attempted 2 times)"
2025-05-26 16:27:13.957,MiddleWareChecker,"Check connection of controller with IP 192.168.254.30 Port 52103 Error: PING  --->NOT OK"
2025-05-26 16:27:14.114,DEBUG,"No route to host: 192.168.254.30 (attempted 0 times)"
2025-05-26 16:27:14.520,TCP_PERIODIC,"Preparing openned 192.168.254.51:51002"
2025-05-26 16:27:14.522,TCP_PERIODIC,"Preparing openned 192.168.254.50:51002"
2025-05-26 16:27:14.524,TCP_PERIODIC,"Openned socket /192.168.254.51:51002"
2025-05-26 16:27:14.527,TCP_PERIODIC,"Error while openning socket 192.168.254.50:51002 - failed to connect to /192.168.254.50 (port 51002) from /:: (port 56232): connect failed: ECONNREFUSED (Connection refused)"
2025-05-26 16:27:14.958,ABTControllerManager,"Check to start send data to client/host with  (attempted 3 times)"
2025-05-26 16:27:14.959,MiddleWareChecker,"Check connection of controller with IP 192.168.254.30 Port 52103 Error: PING  --->NOT OK"
2025-05-26 16:27:15.017,TCP_PERIODIC,"Preparing openned 192.168.254.50:51002"
2025-05-26 16:27:15.021,TCP_PERIODIC,"Openned socket /192.168.254.50:51002"
2025-05-26 16:27:15.960,ABTControllerManager,"Check to start send data to client/host with  (attempted 4 times)"
2025-05-26 16:27:15.961,MiddleWareChecker,"Check connection of controller with IP 192.168.254.30 Port 52103 Error: PING  --->NOT OK"
2025-05-26 16:27:16.963,ABTControllerManager,"Check to start send data to client/host with  (attempted 5 times)"
2025-05-26 16:27:16.964,MiddleWareChecker,"Check connection of controller with IP 192.168.254.30 Port 52103 Error: PING  --->NOT OK"
2025-05-26 16:27:17.225,DEBUG,"No route to host: 192.168.254.30 (attempted 1 times)"
2025-05-26 16:27:17.966,ABTControllerManager,"Check to start send data to client/host with  (attempted 6 times)"
2025-05-26 16:27:17.967,MiddleWareChecker,"Check connection of controller with IP 192.168.254.30 Port 52103 Error: PING  --->NOT OK"
2025-05-26 16:27:18.967,ABTControllerManager,"Check to start send data to client/host with  (attempted 7 times)"
2025-05-26 16:27:18.969,MiddleWareChecker,"Check connection of controller with IP 192.168.254.30 Port 52103 Error: PING  --->NOT OK"
2025-05-26 16:27:19.178,UPDATE_PROCEDURE,"USB connect off, USB file copy task failed"
2025-05-26 16:27:19.179,UPDATE_PROCEDURE,"Task GetUpdatePackageLocal finished with result FAILED"
2025-05-26 16:27:19.181,UPDATE_PROCEDURE,"Task GetUpdatePackageRemote is starting..."
2025-05-26 16:27:19.182,UPDATE_PROCEDURE,"Performing onStarted event for GetUpdatePackageRemote..."
2025-05-26 16:27:19.183,UPDATE_PROCEDURE,"Start GetUpdatePackageRemote using thread pool 1/30"
2025-05-26 16:27:19.186,UPDATE_PROCEDURE,"Task GetUpdatePackageRemote finished with result FAILED"
2025-05-26 16:27:19.187,UPDATE_PROCEDURE,"Task DownloadUpdatePackageFTP is starting..."
2025-05-26 16:27:19.188,UPDATE_PROCEDURE,"Performing onStarted event for DownloadUpdatePackageFTP..."
2025-05-26 16:27:19.188,UPDATE_PROCEDURE,"Start DownloadUpdatePackageFTP using thread pool 1/30"
2025-05-26 16:27:19.189,UPDATE_PROCEDURE,"executing download package FTP"
2025-05-26 16:27:19.192,UPDATE_PROCEDURE,"stop timeout (50s) now"
2025-05-26 16:27:19.193,UPDATE_PROCEDURE,"Waiting to check status of event DownloadUpdatePackageFTP by timeout 50s"
2025-05-26 16:27:19.194,UPDATE_PROCEDURE,"Querying server status..."
2025-05-26 16:27:19.195,UPDATE_PROCEDURE,"Server status is null"
2025-05-26 16:27:19.195,UPDATE_PROCEDURE,"No server status yet"
2025-05-26 16:27:19.970,ABTControllerManager,"Check to start send data to client/host with  (attempted 8 times)"
2025-05-26 16:27:19.972,MiddleWareChecker,"Check connection of controller with IP 192.168.254.30 Port 52103 Error: PING  --->NOT OK"
2025-05-26 16:27:20.357,DEBUG,"No route to host: 192.168.254.30 (attempted 2 times)"
2025-05-26 16:27:20.973,ABTControllerManager,"Check to start send data to client/host with  (attempted 9 times)"
2025-05-26 16:27:20.974,MiddleWareChecker,"Check connection of controller with IP 192.168.254.30 Port 52103 Error: PING  --->NOT OK"
2025-05-26 16:27:21.975,ABTControllerManager,"Check to start send data to client/host with  (attempted 10 times)"
2025-05-26 16:27:21.976,MiddleWareChecker,"Check connection of controller with IP 192.168.254.30 Port 52103 Error: PING  --->NOT OK"
2025-05-26 16:27:22.978,ABTControllerManager,"Check to start send data to client/host with  (attempted 11 times)"
2025-05-26 16:27:22.979,ABTControllerManager,"Retry 0 times/10, reset counter 0. All Client/Host of Main-Sub is reopen"
2025-05-26 16:27:22.985,CONNECT_SERVER_SUB,"Socket of Host is closing with port: 51103"
2025-05-26 16:27:23.466,DEBUG,"No route to host: 192.168.254.30 (attempted 0 times)"
2025-05-26 16:27:23.468,DEBUG,"No route to host: 192.168.254.30 (attempted 1 times)"
2025-05-26 16:27:23.983,ABTControllerManager,"Check to start send data to client/host with  (attempted 0 times)"
2025-05-26 16:27:23.984,MiddleWareChecker,"Check connection of controller with IP 192.168.254.30 Port 52103 Error: PING  --->NOT OK"
2025-05-26 16:27:24.985,ABTControllerManager,"Check to start send data to client/host with  (attempted 1 times)"
2025-05-26 16:27:24.986,MiddleWareChecker,"Check connection of controller with IP 192.168.254.30 Port 52103 Error: CONNECTION  --->NOT OK"
2025-05-26 16:27:25.472,DEBUG,"Opened socket at (IP: 192.168.254.30 Port: 52103) with bound: true connected: true closed: false"
2025-05-26 16:27:25.987,ABTControllerManager,"Check to start send data to client/host with  (attempted 2 times)"
2025-05-26 16:27:25.988,MiddleWareChecker,"Check connection of controller with IP 192.168.254.30 Port 52103 Error: CONNECTION  --->NOT OK"
2025-05-26 16:27:26.990,ABTControllerManager,"Check to start send data to client/host with  (attempted 3 times)"
2025-05-26 16:27:26.991,MiddleWareChecker,"Check connection of controller with IP 192.168.254.30 Port 52103 Error: RECEIVE  --->OK"
2025-05-26 16:27:26.991,ABTControllerManager,"Main-Sub Controller Connection is finished SUCCESS 通信の安定化にかかっている時間: 20878ms with 4/1 times. (接続完了) Starting send data to client and host"
2025-05-26 16:27:27.001,DEBUG,"Opened socket at (IP: 192.168.254.30 Port: 52103) with bound: true connected: true closed: false"
2025-05-26 16:27:27.105,DEBUG,"Opened socket at (IP: 192.168.254.30 Port: 52103) with bound: true connected: true closed: false"
2025-05-26 16:27:27.209,DEBUG,"Opened socket at (IP: 192.168.254.30 Port: 52103) with bound: true connected: true closed: false"
2025-05-26 16:27:27.311,DEBUG,"Opened socket at (IP: 192.168.254.30 Port: 52103) with bound: true connected: true closed: false"
2025-05-26 16:27:27.312,ABTControllerManager,"Main-Sub communicated via port 51103, cmd 0, data 000030410000FFFFFFFF00000000000000000000000000000000000000000000000000000000000000"
2025-05-26 16:27:27.317,ABTControllerManager,"Main-Sub communicated via port 51103 command メイン制御部⇒サブ制御部 0x00h with    FTP通信：禁止   ステータス：通常(Busy)   現在系統番号：-1   現在駒番号：0   エラーコードメイン：0   エラーコード1：0   エラーコード2：0   エラーコード3：0   音声合成通信状態通知：正常   起動状態通知: 起動中   起動結果通知メイン：起動成功   起動結果通知1：起動成功   起動結果通知2：起動成功   起動結果通知3：起動成功   データ部：000030410000FFFFFFFF00000000000000000000000000000000000000000000000000000000000000"
2025-05-26 16:27:27.318,UPDATE_PROCEDURE,"handling received status By Comm Main-Sub"
2025-05-26 16:27:27.318,UPDATE_PROCEDURE,"①メイン制御器からFTPアクセス許可が来たタイミング"
2025-05-26 16:27:27.322,ThreadRecovery,"the total process time finished in 17ms"
2025-05-26 16:27:27.416,DEBUG,"Opened socket at (IP: 192.168.254.30 Port: 52103) with bound: true connected: true closed: false"
2025-05-26 16:27:27.522,DEBUG,"Opened socket at (IP: 192.168.254.30 Port: 52103) with bound: true connected: true closed: true"
2025-05-26 16:27:27.625,DEBUG,"Opened socket at (IP: 192.168.254.30 Port: 52103) with bound: true connected: true closed: false"
2025-05-26 16:27:27.731,DEBUG,"Opened socket at (IP: 192.168.254.30 Port: 52103) with bound: true connected: true closed: false"
2025-05-26 16:27:27.834,DEBUG,"Opened socket at (IP: 192.168.254.30 Port: 52103) with bound: true connected: true closed: false"
2025-05-26 16:27:27.937,DEBUG,"Opened socket at (IP: 192.168.254.30 Port: 52103) with bound: true connected: true closed: false"
2025-05-26 16:27:28.039,DEBUG,"Opened socket at (IP: 192.168.254.30 Port: 52103) with bound: true connected: true closed: false"
2025-05-26 16:27:28.142,CONNECT_CLIENT,"Client Socket is closing at/192.168.254.30:52103. Please wait for next step to reset client socket.."
2025-05-26 16:27:28.144,DEBUG,"Opened socket at (IP: 192.168.254.30 Port: 52103) with bound: true connected: true closed: false"
2025-05-26 16:27:28.251,DEBUG,"Opened socket at (IP: 192.168.254.30 Port: 52103) with bound: true connected: true closed: false"
2025-05-26 16:27:28.354,DEBUG,"Opened socket at (IP: 192.168.254.30 Port: 52103) with bound: true connected: true closed: false"
2025-05-26 16:27:28.457,DEBUG,"Opened socket at (IP: 192.168.254.30 Port: 52103) with bound: true connected: true closed: false"
2025-05-26 16:27:28.559,DEBUG,"Opened socket at (IP: 192.168.254.30 Port: 52103) with bound: true connected: true closed: false"
2025-05-26 16:27:28.664,DEBUG,"Opened socket at (IP: 192.168.254.30 Port: 52103) with bound: true connected: true closed: false"
2025-05-26 16:27:28.770,DEBUG,"Opened socket at (IP: 192.168.254.30 Port: 52103) with bound: true connected: true closed: false"
2025-05-26 16:27:28.874,DEBUG,"Opened socket at (IP: 192.168.254.30 Port: 52103) with bound: true connected: true closed: false"
2025-05-26 16:27:28.979,DEBUG,"Opened socket at (IP: 192.168.254.30 Port: 52103) with bound: true connected: true closed: false"
2025-05-26 16:27:34.549,CONNECT_SERVER_SUB,"Server is waiting for handshaking with client at port 51103"
2025-05-26 16:27:49.381,CONNECT_SERVER_SUB,"Server is having error due to timeout java.net.SocketTimeoutException: Poll timed out port 51103"
2025-05-26 16:27:51.835,ABTControllerManager,"Main-Sub communicated via port 51103, cmd 0, data 010030410000FFFFFFFF00000000000000000000000000000000000000000000000000000000000000"
2025-05-26 16:27:51.842,ABTControllerManager,"Main-Sub communicated via port 51103 command メイン制御部⇒サブ制御部 0x00h with    FTP通信：許可   ステータス：通常(Busy)   現在系統番号：-1   現在駒番号：0   エラーコードメイン：0   エラーコード1：0   エラーコード2：0   エラーコード3：0   音声合成通信状態通知：正常   起動状態通知: 起動中   起動結果通知メイン：起動成功   起動結果通知1：起動成功   起動結果通知2：起動成功   起動結果通知3：起動成功   データ部：010030410000FFFFFFFF00000000000000000000000000000000000000000000000000000000000000"
2025-05-26 16:27:51.843,UPDATE_PROCEDURE,"handling received status By Comm Main-Sub"
2025-05-26 16:27:51.843,UPDATE_PROCEDURE,"①メイン制御器からFTPアクセス許可が来たタイミング"
2025-05-26 16:27:51.844,FTPConnectHelper,"Connecting to FTP 192.168.254.30:2221"
2025-05-26 16:27:51.933,FTPConnectHelper,"Logging in to FTP LECIP"
2025-05-26 16:27:52.277,FTPConnectHelper,"FTP login successful"
2025-05-26 16:27:52.278,UPDATE_PROCEDURE,"②メイン制御器へFTPアクセスするタイミング"
2025-05-26 16:27:52.279,UPDATE_PROCEDURE,"Download from FTP starting..."
2025-05-26 16:27:52.281,UPDATE_PROCEDURE,"Stop waiting timeout and start FTP download timeout (50s) instead."
2025-05-26 16:27:52.282,UPDATE_PROCEDURE,"stop timeout (50s) now"
2025-05-26 16:27:52.818,FTPConnectHelper,"downloading from FTP 2 entries"
2025-05-26 16:27:52.819,FTPConnectHelper,"downloading folder from FTP LIVUManager/app -> /log/Server/download/app"
2025-05-26 16:27:53.248,FTPConnectHelper,"downloading from FTP 5 entries"
2025-05-26 16:27:53.249,FTPConnectHelper,"downloading folder from FTP LIVUManager/app/11 -> /log/Server/download/app/11"
2025-05-26 16:27:53.606,FTPConnectHelper,"downloading from FTP 3 entries"
2025-05-26 16:27:53.608,FTPConnectHelper,"downloading folder from FTP LIVUManager/app/11/LIVUManager -> /log/Server/download/app/11/LIVUManager"
2025-05-26 16:27:53.997,FTPConnectHelper,"downloading from FTP 0 entries"
2025-05-26 16:27:53.997,FTPConnectHelper,"downloading folder from FTP LIVUManager/app/11/LIVUSub -> /log/Server/download/app/11/LIVUSub"
2025-05-26 16:27:54.267,FTPConnectHelper,"downloading from FTP 0 entries"
2025-05-26 16:27:54.279,FTPConnectHelper,"Same file detected on local machine, skip copying LIVUManager/app/11/11_0101_20250127_001.tar.gz"
2025-05-26 16:27:54.281,FTPConnectHelper,"downloading folder from FTP LIVUManager/app/12 -> /log/Server/download/app/12"
2025-05-26 16:27:54.649,FTPConnectHelper,"downloading from FTP 1 entries"
2025-05-26 16:27:54.651,FTPConnectHelper,"Same file detected on local machine, skip copying LIVUManager/app/12/12_0101_20250127_001.tar.gz"
2025-05-26 16:27:54.652,FTPConnectHelper,"downloading folder from FTP LIVUManager/app/13 -> /log/Server/download/app/13"
2025-05-26 16:27:54.998,FTPConnectHelper,"downloading from FTP 1 entries"
2025-05-26 16:27:54.999,FTPConnectHelper,"Same file detected on local machine, skip copying LIVUManager/app/13/13_0101_20250127_001.tar.gz"
2025-05-26 16:27:55.001,FTPConnectHelper,"downloading folder from FTP LIVUManager/app/14 -> /log/Server/download/app/14"
2025-05-26 16:27:55.357,FTPConnectHelper,"downloading from FTP 1 entries"
2025-05-26 16:27:55.359,FTPConnectHelper,"Same file detected on local machine, skip copying LIVUManager/app/14/14_0101_20250127_001.tar.gz"
2025-05-26 16:27:55.360,FTPConnectHelper,"downloading folder from FTP LIVUManager/app/15 -> /log/Server/download/app/15"
2025-05-26 16:27:55.665,FTPConnectHelper,"downloading from FTP 1 entries"
2025-05-26 16:27:55.667,FTPConnectHelper,"Same file detected on local machine, skip copying LIVUManager/app/15/15_0101_20250127_001.tar.gz"
2025-05-26 16:27:55.668,FTPConnectHelper,"downloading folder from FTP LIVUManager/mast -> /log/Server/download/mast"
2025-05-26 16:27:56.039,FTPConnectHelper,"downloading from FTP 5 entries"
2025-05-26 16:27:56.040,FTPConnectHelper,"downloading folder from FTP LIVUManager/mast/01 -> /log/Server/download/mast/01"
2025-05-26 16:27:56.339,FTPConnectHelper,"downloading from FTP 1 entries"
2025-05-26 16:27:56.341,FTPConnectHelper,"Same file detected on local machine, skip copying LIVUManager/mast/01/01_0101_20240823_001.zip"
2025-05-26 16:27:56.342,FTPConnectHelper,"downloading folder from FTP LIVUManager/mast/02 -> /log/Server/download/mast/02"
2025-05-26 16:27:56.695,FTPConnectHelper,"downloading from FTP 1 entries"
2025-05-26 16:27:56.696,FTPConnectHelper,"Same file detected on local machine, skip copying LIVUManager/mast/02/02_0101_20240823_001.zip"
2025-05-26 16:27:56.697,FTPConnectHelper,"downloading folder from FTP LIVUManager/mast/03 -> /log/Server/download/mast/03"
2025-05-26 16:27:57.004,FTPConnectHelper,"downloading from FTP 1 entries"
2025-05-26 16:27:57.005,FTPConnectHelper,"Same file detected on local machine, skip copying LIVUManager/mast/03/03_0101_20250330_001.zip"
2025-05-26 16:27:57.006,FTPConnectHelper,"downloading folder from FTP LIVUManager/mast/04 -> /log/Server/download/mast/04"
2025-05-26 16:27:57.321,FTPConnectHelper,"downloading from FTP 1 entries"
2025-05-26 16:27:57.322,FTPConnectHelper,"Same file detected on local machine, skip copying LIVUManager/mast/04/04_0101_20250127_001.zip"
2025-05-26 16:27:57.323,FTPConnectHelper,"downloading folder from FTP LIVUManager/mast/05 -> /log/Server/download/mast/05"
2025-05-26 16:27:57.629,FTPConnectHelper,"downloading from FTP 1 entries"
2025-05-26 16:27:57.630,FTPConnectHelper,"Same file detected on local machine, skip copying LIVUManager/mast/05/05_0101_20240823_001.zip"
2025-05-26 16:27:57.630,UPDATE_PROCEDURE,"Download from FTP successful"
2025-05-26 16:27:57.632,UPDATE_PROCEDURE,"stop timeout (50s) now"
2025-05-26 16:27:57.632,UPDATE_PROCEDURE,"stop timeout (50s) now"
2025-05-26 16:27:57.633,UPDATE_PROCEDURE,"DownloadUpdatePackageFTP::clear instance"
2025-05-26 16:27:57.633,UPDATE_PROCEDURE,"DownloadUpdatePackageFTP::clear instance"
2025-05-26 16:27:57.633,UPDATE_PROCEDURE,"Task GetUpdatePackageSomewhere finished with result DONE"
2025-05-26 16:27:57.633,UPDATE_PROCEDURE,"Task DownloadUpdatePackageFTP finished with result DONE"
2025-05-26 16:27:57.634,UPDATE_PROCEDURE,"Task ExtractUpdatePackage is starting..."
2025-05-26 16:27:57.635,UPDATE_PROCEDURE,"Performing onStarted event for ExtractUpdatePackage..."
2025-05-26 16:27:57.635,UPDATE_PROCEDURE,"Start ExtractUpdatePackage using thread pool 3/30"
2025-05-26 16:27:57.636,MasterPackageRepository,"checking new package for 01, current package = 01_0101_20240823_001"
2025-05-26 16:27:57.637,FTPConnectHelper,"FTP Server Disconnect"
2025-05-26 16:27:57.637,UPDATE_PROCEDURE,"No new package at /log/Server/download/mast/01, skip extracting"
2025-05-26 16:27:57.638,MasterPackageRepository,"checking new package for 02, current package = 02_0101_20240823_001"
2025-05-26 16:27:57.639,UPDATE_PROCEDURE,"No new package at /log/Server/download/mast/02, skip extracting"
2025-05-26 16:27:57.639,MasterPackageRepository,"checking new package for 03, current package = 03_0101_20250330_001"
2025-05-26 16:27:57.640,UPDATE_PROCEDURE,"No new package at /log/Server/download/mast/03, skip extracting"
2025-05-26 16:27:57.640,MasterPackageRepository,"checking new package for 04, current package = 04_0101_20250127_001"
2025-05-26 16:27:57.641,UPDATE_PROCEDURE,"No new package at /log/Server/download/mast/04, skip extracting"
2025-05-26 16:27:57.641,MasterPackageRepository,"checking new package for 05, current package = 05_0101_20240823_001"
2025-05-26 16:27:57.642,UPDATE_PROCEDURE,"No new package at /log/Server/download/mast/05, skip extracting"
2025-05-26 16:27:57.642,SoftwarePackageRepository,"checking new package for 11, current package = 11_0101_20250127_001"
2025-05-26 16:27:57.643,UPDATE_PROCEDURE,"No new package at /log/Server/download/app/11, skip extracting"
2025-05-26 16:27:57.643,SoftwarePackageRepository,"checking new package for 12, current package = 12_0101_20250127_001"
2025-05-26 16:27:57.644,UPDATE_PROCEDURE,"No new package at /log/Server/download/app/12, skip extracting"
2025-05-26 16:27:57.782,ThreadRecovery,"the total process time finished in 5953ms"
2025-05-26 16:27:57.786,ABTControllerManager,"Main-Sub communicated via port 51103, cmd 0, data 000030410000FFFFFFFF00000000000000000000000000000000000000000000000000000000000000"
2025-05-26 16:27:57.789,ABTControllerManager,"Main-Sub communicated via port 51103 command メイン制御部⇒サブ制御部 0x00h with    FTP通信：禁止   ステータス：通常(Busy)   現在系統番号：-1   現在駒番号：0   エラーコードメイン：0   エラーコード1：0   エラーコード2：0   エラーコード3：0   音声合成通信状態通知：正常   起動状態通知: 起動中   起動結果通知メイン：起動成功   起動結果通知1：起動成功   起動結果通知2：起動成功   起動結果通知3：起動成功   データ部：000030410000FFFFFFFF00000000000000000000000000000000000000000000000000000000000000"
2025-05-26 16:27:57.790,UPDATE_PROCEDURE,"handling received status By Comm Main-Sub"
2025-05-26 16:27:57.790,UPDATE_PROCEDURE,"①メイン制御器からFTPアクセス許可が来たタイミング"
2025-05-26 16:27:57.792,ThreadRecovery,"the total process time finished in 9ms"
2025-05-26 16:27:57.965,ABTControllerManager,"Main-Sub communicated via port 51103, cmd 0, data 010030410000FFFFFFFF00000000000000000000000000000000000000000000000000000000000000"
2025-05-26 16:27:57.974,ABTControllerManager,"Main-Sub communicated via port 51103 command メイン制御部⇒サブ制御部 0x00h with    FTP通信：許可   ステータス：通常(Busy)   現在系統番号：-1   現在駒番号：0   エラーコードメイン：0   エラーコード1：0   エラーコード2：0   エラーコード3：0   音声合成通信状態通知：正常   起動状態通知: 起動中   起動結果通知メイン：起動成功   起動結果通知1：起動成功   起動結果通知2：起動成功   起動結果通知3：起動成功   データ部：010030410000FFFFFFFF00000000000000000000000000000000000000000000000000000000000000"
2025-05-26 16:27:57.975,UPDATE_PROCEDURE,"handling received status By Comm Main-Sub"
2025-05-26 16:27:57.976,UPDATE_PROCEDURE,"①メイン制御器からFTPアクセス許可が来たタイミング"
2025-05-26 16:27:57.977,ThreadRecovery,"the total process time finished in 25ms"
2025-05-26 16:27:57.993,UPDATE_PROCEDURE,"r_load.txt data = [LPARAM NAME=ncc_ons,VER=FE-88-13,LDATE=*, LPARAM NAME=ncc_ipl,VER=FE-85-12,LDATE=*, LPARAM NAME=ncc_pat,VER=FE-87-13,LDATE=*, LPARAM NAME=ncc,VER=FE-86-19,LDATE=*]"
2025-05-26 16:27:58.039,UPDATE_PROCEDURE,"Extract reader app successfully"
2025-05-26 16:27:58.040,UPDATE_PROCEDURE,"Extract update package finished with success = true"
2025-05-26 16:27:58.057,VehicleOperationData," Starting App with  運用モード名称: ２タッチ・全リーダー兼用 and 車両システム№: 54"
2025-05-26 16:27:58.876,UPDATE_PROCEDURE,"Active readers:[6, 7, -1, -1]"
2025-05-26 16:27:58.881,UPDATE_PROCEDURE,"getUpdatePackage & extractUpdatePackage round 1 finished"
2025-05-26 16:27:58.886,UPDATE_PROCEDURE,"Task ExtractUpdatePackage finished with result DONE"
2025-05-26 16:27:58.888,UPDATE_PROCEDURE,"Task ServeUpdatePackageFTP is starting..."
2025-05-26 16:27:58.889,UPDATE_PROCEDURE,"Performing onStarted event for ServeUpdatePackageFTP..."
2025-05-26 16:27:58.890,UPDATE_PROCEDURE,"Start ServeUpdatePackageFTP using thread pool 1/30"
2025-05-26 16:27:58.895,UPDATE_PROCEDURE,"Task GetUpdateFiles finished with result DONE"
2025-05-26 16:27:58.896,UPDATE_PROCEDURE,"Task  is starting..."
2025-05-26 16:27:58.896,UPDATE_PROCEDURE,"Performing onStarted event for ..."
2025-05-26 16:27:58.896,UPDATE_PROCEDURE,"Task ServeUpdatePackageFTP finished with result SKIPPED"
2025-05-26 16:27:58.897,UPDATE_PROCEDURE,"Start  using thread pool 2/30"
2025-05-26 16:27:58.898,UPDATE_PROCEDURE,"Task UpdateControllerApp is starting..."
2025-05-26 16:27:58.898,UPDATE_PROCEDURE,"Performing onStarted event for UpdateControllerApp..."
2025-05-26 16:27:58.899,UPDATE_PROCEDURE,"Start UpdateControllerApp using thread pool 1/30"
2025-05-26 16:27:58.900,UPDATE_PROCEDURE,"Controller app update starting..."
2025-05-26 16:27:58.901,UPDATE_PROCEDURE,"Manager app version = 343452"
2025-05-26 16:27:58.902,UPDATE_PROCEDURE,"System app version = 338612"
2025-05-26 16:27:58.902,UPDATE_PROCEDURE,"shouldUpdate(343452,/log/Server/download/app/11/LIVUManager/version.txt) ... "
2025-05-26 16:27:58.904,UPDATE_PROCEDURE,"compare current version (343452) vs available version (343450)"
2025-05-26 16:27:58.905,UPDATE_PROCEDURE,"shouldUpdate(338612,/log/Server/download/app/12/LIVUSystem/version.txt) ... "
2025-05-26 16:27:58.906,UPDATE_PROCEDURE,"compare current version (338612) vs available version (338612)"
2025-05-26 16:27:58.907,UPDATE_PROCEDURE,"checking version for LIVUManager, shouldPerformUpdate = false"
2025-05-26 16:27:58.907,UPDATE_PROCEDURE,"Task UpdateControllerApp finished with result SKIPPED"
2025-05-26 16:27:58.909,UPDATE_PROCEDURE,"Task UpdateReaderApp is starting..."
2025-05-26 16:27:58.909,UPDATE_PROCEDURE,"Performing onStarted event for UpdateReaderApp..."
2025-05-26 16:27:58.910,UPDATE_PROCEDURE,"Start UpdateReaderApp using thread pool 2/30"
2025-05-26 16:27:58.911,UPDATE_PROCEDURE,"start deploying new app... reader info [6, 7, -1, -1]"
2025-05-26 16:27:58.915,UPDATE_PROCEDURE,"maximum reader id 7"
2025-05-26 16:27:58.916,UPDATE_PROCEDURE,"app need deploying to reader 6 at 192.168.254.50"
2025-05-26 16:27:58.917,UPDATE_PROCEDURE,"app need deploying to reader 7 at 192.168.254.51"
2025-05-26 16:27:58.918,UPDATE_PROCEDURE,"deploy status = [SKIPPED, SKIPPED, SKIPPED, SKIPPED, SKIPPED, SKIPPED, QUEUED, QUEUED]version check status = [SKIPPED, SKIPPED, SKIPPED, SKIPPED, SKIPPED, SKIPPED, QUEUED, QUEUED]"
2025-05-26 16:27:58.919,Thread,"updating reader 6 running task at continueDeployApp, thread pool active count = 1/30"
2025-05-26 16:27:58.920,UPDATE_PROCEDURE,"trying to deploy to reader 6 at 192.168.254.50 1/10"
2025-05-26 16:27:58.921,TCP_PERIODIC,"Communicating to 192.168.254.50:51002 command 00 in Thread : Thread-2"
2025-05-26 16:27:58.921,UPDATE_PROCEDURE,"乗降リーダに対して「プログラム更新要求　94h」を送信するタイミング"
2025-05-26 16:27:58.922,TCP_PERIODIC,"Communicating to 192.168.254.50:51002 command 94 in Thread : Thread-49"
2025-05-26 16:27:58.933,TCP_PERIODIC,"successfully communicated with /192.168.254.50:51002"
2025-05-26 16:27:58.935,UPDATE_PROCEDURE,"reader 6 reporting in, mode IPL status MAYBE_OK"
2025-05-26 16:27:58.936,UPDATE_PROCEDURE,"reader 6 status changed CHECKING -> MAYBE_SKIP, temporarily mark as skipped for later consideration"
2025-05-26 16:27:58.945,TCP_PERIODIC,"successfully communicated with /192.168.254.50:51002"
2025-05-26 16:27:58.946,UPDATE_PROCEDURE,"reader 6 status changed MAYBE_SKIP -> COPYING, started an update"
2025-05-26 16:27:59.025,UPDATE_PROCEDURE,"reader 7 reporting in, mode IPL status MAYBE_OK"
2025-05-26 16:27:59.923,Thread,"updating reader 6 running task at continueDeployApp, thread pool active count = 1/30"
2025-05-26 16:28:00.561,UPDATE_PROCEDURE,"reader 6 reporting in, mode IPL status UPDATE_FINISHED"
2025-05-26 16:28:00.562,UPDATE_PROCEDURE,"reader 6 status changed COPYING -> DONE, update complete, starting..."
2025-05-26 16:28:00.562,Thread,"updating reader 7 running task at continueDeployApp, thread pool active count = 1/30"
2025-05-26 16:28:00.563,UPDATE_PROCEDURE,"starting reader 6 ip = 192.168.254.50"
2025-05-26 16:28:00.564,TCP_PERIODIC,"Communicating to 192.168.254.50:51002 command 92 in Thread : Thread-7"
2025-05-26 16:28:00.565,UPDATE_PROCEDURE,"trying to deploy to reader 7 at 192.168.254.51 1/10"
2025-05-26 16:28:00.566,UPDATE_PROCEDURE,"乗降リーダに対して「プログラム更新要求　94h」を送信するタイミング"
2025-05-26 16:28:00.566,TCP_PERIODIC,"Communicating to 192.168.254.51:51002 command 00 in Thread : Thread-13"
2025-05-26 16:28:00.567,TCP_PERIODIC,"Communicating to 192.168.254.51:51002 command 94 in Thread : Thread-26"
2025-05-26 16:28:00.573,TCP_PERIODIC,"successfully communicated with /192.168.254.50:51002"
2025-05-26 16:28:00.574,UPDATE_PROCEDURE,"reader 6 started, ip = 192.168.254.50, requesting reader version..."
2025-05-26 16:28:00.575,UPDATE_PROCEDURE,"requesting reader 6 app version, ip = 192.168.254.50"
2025-05-26 16:28:00.588,TCP_PERIODIC,"successfully communicated with /192.168.254.51:51002"
2025-05-26 16:28:00.596,TCP_PERIODIC,"successfully communicated with /192.168.254.51:51002"
2025-05-26 16:28:00.597,UPDATE_PROCEDURE,"reader 7 status changed CHECKING -> COPYING, started an update"
2025-05-26 16:28:00.924,Thread,"updating reader 6 running task at continueDeployApp, thread pool active count = 1/30"
2025-05-26 16:28:01.118,TCP_PERIODIC,"Receive command error, 0 <- 192.168.254.50"
2025-05-26 16:28:01.568,Thread,"updating reader 7 running task at continueDeployApp, thread pool active count = 1/30"
2025-05-26 16:28:01.925,Thread,"updating reader 6 running task at continueDeployApp, thread pool active count = 1/30"
2025-05-26 16:28:02.033,UPDATE_PROCEDURE,"reader 7 reporting in, mode IPL status UPDATE_FINISHED"
2025-05-26 16:28:02.033,UPDATE_PROCEDURE,"reader 7 status changed COPYING -> DONE, update complete, starting..."
2025-05-26 16:28:02.034,UPDATE_PROCEDURE,"starting reader 7 ip = 192.168.254.51"
2025-05-26 16:28:02.035,TCP_PERIODIC,"Communicating to 192.168.254.51:51002 command 92 in Thread : Thread-28"
2025-05-26 16:28:02.128,TCP_PERIODIC,"successfully communicated with /192.168.254.51:51002"
2025-05-26 16:28:02.130,UPDATE_PROCEDURE,"reader 7 started, ip = 192.168.254.51, requesting reader version..."
2025-05-26 16:28:02.130,UPDATE_PROCEDURE,"requesting reader 7 app version, ip = 192.168.254.51"
2025-05-26 16:28:02.569,Thread,"updating reader 7 running task at continueDeployApp, thread pool active count = 1/30"
2025-05-26 16:28:02.622,TCP_PERIODIC,"Receive command error, 0 <- 192.168.254.51"
2025-05-26 16:28:02.927,Thread,"updating reader 6 running task at continueDeployApp, thread pool active count = 1/30"
2025-05-26 16:28:03.570,Thread,"updating reader 7 running task at continueDeployApp, thread pool active count = 1/30"
2025-05-26 16:28:03.928,Thread,"updating reader 6 running task at continueDeployApp, thread pool active count = 1/30"
2025-05-26 16:28:04.518,TCP_PERIODIC,"Preparing openned 192.168.254.50:51002"
2025-05-26 16:28:04.523,TCP_PERIODIC,"Openned socket /192.168.254.50:51002"
2025-05-26 16:28:04.540,UPDATE_PROCEDURE,"reader 6 reporting in status 00, but mode is APL, treat this as a successful update, status changed DONE -> MAYBE_SKIP, update complete,　remove EC907x-0x if exists, starting..."
2025-05-26 16:28:04.541,UPDATE_PROCEDURE,"reader 6 started, ip = 192.168.254.50, requesting reader version..."
2025-05-26 16:28:04.541,UPDATE_PROCEDURE,"requesting reader 6 app version, ip = 192.168.254.50"
2025-05-26 16:28:04.572,Thread,"updating reader 7 running task at continueDeployApp, thread pool active count = 1/30"
2025-05-26 16:28:04.929,Thread,"updating reader 6 running task at continueDeployApp, thread pool active count = 1/30"
2025-05-26 16:28:05.022,TCP_IMPL,"Server Socket opened for 192.168.254.50:52007"
2025-05-26 16:28:05.573,Thread,"updating reader 7 running task at continueDeployApp, thread pool active count = 1/30"
2025-05-26 16:28:05.931,Thread,"updating reader 6 running task at continueDeployApp, thread pool active count = 1/30"
2025-05-26 16:28:06.018,TCP_PERIODIC,"Preparing openned 192.168.254.51:51002"
2025-05-26 16:28:06.021,TCP_PERIODIC,"Openned socket /192.168.254.51:51002"
2025-05-26 16:28:06.036,UPDATE_PROCEDURE,"reader 7 reporting in status 00, but mode is APL, treat this as a successful update, status changed DONE -> MAYBE_SKIP, update complete,　remove EC907x-0x if exists, starting..."
2025-05-26 16:28:06.037,UPDATE_PROCEDURE,"reader 7 started, ip = 192.168.254.51, requesting reader version..."
2025-05-26 16:28:06.037,UPDATE_PROCEDURE,"requesting reader 7 app version, ip = 192.168.254.51"
2025-05-26 16:28:06.523,TCP_IMPL,"Server Socket opened for 192.168.254.51:52008"
2025-05-26 16:28:06.575,Thread,"updating reader 7 running task at continueDeployApp, thread pool active count = 1/30"
2025-05-26 16:28:06.576,UPDATE_PROCEDURE,"reader 6 ip = 192.168.254.50 trying to get version 1/5"
2025-05-26 16:28:06.577,TCP_PERIODIC,"Communicating to 192.168.254.50:51002 command 90 in Thread : Thread-33"
2025-05-26 16:28:06.588,TCP_PERIODIC,"successfully communicated with /192.168.254.50:51002"
2025-05-26 16:28:06.590,UPDATE_PROCEDURE,"reader 6, ip = 192.168.254.50, IPL/APL/Display/Sound version = fe8512/fe8619/fe8713/fe8813"
2025-05-26 16:28:06.592,UPDATE_PROCEDURE,"deploy status = [SKIPPED, SKIPPED, SKIPPED, SKIPPED, SKIPPED, SKIPPED, DONE, DONE]version check status = [SKIPPED, SKIPPED, SKIPPED, SKIPPED, SKIPPED, SKIPPED, DONE, WORKING]"
2025-05-26 16:28:06.932,Thread,"updating reader 6 running task at continueDeployApp, thread pool active count = 1/30"
2025-05-26 16:28:07.470,CONNECT_SERVER_SUB,"Server is waiting for handshaking with client at port 51103"
2025-05-26 16:28:07.576,Thread,"updating reader 7 running task at continueDeployApp, thread pool active count = 1/30"
2025-05-26 16:28:07.933,Thread,"updating reader 6 running task at continueDeployApp, thread pool active count = 1/30"
2025-05-26 16:28:08.132,UPDATE_PROCEDURE,"reader 7 ip = 192.168.254.51 trying to get version 1/5"
2025-05-26 16:28:08.134,TCP_PERIODIC,"Communicating to 192.168.254.51:51002 command 90 in Thread : Thread-9"
2025-05-26 16:28:08.144,TCP_PERIODIC,"successfully communicated with /192.168.254.51:51002"
2025-05-26 16:28:08.145,UPDATE_PROCEDURE,"reader 7, ip = 192.168.254.51, IPL/APL/Display/Sound version = fe8512/fe8619/fe8713/fe8813"
2025-05-26 16:28:08.146,UPDATE_PROCEDURE,"update reader app finished, deploy status = [SKIPPED, SKIPPED, SKIPPED, SKIPPED, SKIPPED, SKIPPED, DONE, DONE]version check status = [SKIPPED, SKIPPED, SKIPPED, SKIPPED, SKIPPED, SKIPPED, DONE, DONE]"
2025-05-26 16:28:08.154,UPDATE_PROCEDURE,"remove EC907x-0x from reader 6 at 192.168.254.50"
2025-05-26 16:28:08.154,UPDATE_PROCEDURE,"remove EC907x-0x from reader 7 at 192.168.254.51"
2025-05-26 16:28:08.155,UPDATE_PROCEDURE,"Task UpdateReaderApp finished with result DONE"
2025-05-26 16:28:08.156,UPDATE_PROCEDURE,"Task UpdateSubboardApp is starting..."
2025-05-26 16:28:08.157,UPDATE_PROCEDURE,"Performing onStarted event for UpdateSubboardApp..."
2025-05-26 16:28:08.157,UPDATE_PROCEDURE,"Start UpdateSubboardApp using thread pool 1/30"
2025-05-26 16:28:08.158,UPDATE_PROCEDURE,"openning serial connection with subboard..."
2025-05-26 16:28:08.159,UPDATE_PROCEDURE,"openning new serial connection..."
2025-05-26 16:28:08.229,UPDATE_PROCEDURE,"shouldUpdate(FE8917,/log/Server/download/app/11/LIVUSub/version.txt) ... "
2025-05-26 16:28:08.231,UPDATE_PROCEDURE,"compare current version (fe8917) vs available version (fe8917)"
2025-05-26 16:28:08.232,UPDATE_PROCEDURE,"subboard doesn't need update"
2025-05-26 16:28:08.242,UPDATE_PROCEDURE,"get program mode return IPL"
2025-05-26 16:28:08.243,UPDATE_PROCEDURE,"try switching to APL, attempt 1"
2025-05-26 16:28:09.031,ABTControllerManager,"Main-Sub communicated via port 51103, cmd 0, data 010130410000000007CF00000000000000000000000000000000000000000000000000000100000000"
2025-05-26 16:28:09.035,ABTControllerManager,"Main-Sub communicated via port 51103 command メイン制御部⇒サブ制御部 0x00h with    FTP通信：許可   ステータス：通常(Ready)   現在系統番号：1999   現在駒番号：0   エラーコードメイン：0   エラーコード1：0   エラーコード2：0   エラーコード3：0   音声合成通信状態通知：正常   起動状態通知: 起動完了   起動結果通知メイン：起動成功   起動結果通知1：起動成功   起動結果通知2：起動成功   起動結果通知3：起動成功   データ部：010130410000000007CF00000000000000000000000000000000000000000000000000000100000000"
2025-05-26 16:28:09.036,UPDATE_PROCEDURE,"handling received status By Comm Main-Sub"
2025-05-26 16:28:09.038,UPDATE_PROCEDURE,"①メイン制御器からFTPアクセス許可が来たタイミング"
2025-05-26 16:28:09.040,ErrorManager,"データベースに 【EC9999-0】 がクリアされた"
2025-05-26 16:28:09.041,ThreadRecovery,"the total process time finished in 18ms"
2025-05-26 16:28:09.389,UPDATE_PROCEDURE,"get program mode return APL"
2025-05-26 16:28:09.404,UPDATE_PROCEDURE,"sub_board time, success = true"
2025-05-26 16:28:09.457,UPDATE_PROCEDURE,"subboard version (comspec/housou/IPL/APL) = 1//CD8010/FE8917"
2025-05-26 16:28:09.482,UPDATE_PROCEDURE,"Task  finished with result DONE"
2025-05-26 16:28:09.482,UPDATE_PROCEDURE,"Task UpdateSubboardApp finished with result SKIPPED"
2025-05-26 16:28:09.483,UPDATE_PROCEDURE,"Task CheckInternet is starting..."
2025-05-26 16:28:09.484,UPDATE_PROCEDURE,"Performing onStarted event for CheckInternet..."
2025-05-26 16:28:09.485,UPDATE_PROCEDURE,"Start CheckInternet using thread pool 1/30"
2025-05-26 16:28:09.594,LAQRA,"Requesting https://onboard.hiabt.click/dummy"
2025-05-26 16:28:09.692,LAQRA,"接続開始"
2025-05-26 16:28:09.960,LAQRA,"リクエスト書き込み開始"
2025-05-26 16:28:10.087,LAQRA,"レスポンス読み込み開始"
2025-05-26 16:28:10.093,LAQRA,"Request finished in 494ms: Response{protocol=h2, code=200, message=, url=https://onboard.hiabt.click/dummy}"
2025-05-26 16:28:10.094,UPDATE_PROCEDURE,"Task CheckInternet finished with result DONE"
2025-05-26 16:28:10.095,UPDATE_PROCEDURE,"Task DownloadAppList is starting..."
2025-05-26 16:28:10.095,UPDATE_PROCEDURE,"Performing onStarted event for DownloadAppList..."
2025-05-26 16:28:10.096,UPDATE_PROCEDURE,"Start DownloadAppList using thread pool 2/30"
2025-05-26 16:28:10.096,UPDATE_PROCEDURE,"getting app version list..."
2025-05-26 16:28:10.100,UPDATE_PROCEDURE,"sending app version list request..."
2025-05-26 16:28:10.105,LAQRA,"Requesting https://onboard.hiabt.click/api/v1/aplver with {_apiId_:_BWBA500N_,_businessType_:_00_,_requestId_:_0_,_vehicleInfo_:{_machineId_:_03704003_,_corporateCode_:_0101_,_officeCode_:_0041_,_machineCode_:_10_,_vehicleNumber_:_03704_},_applicationVerList_:[{_id_:_11_,_version_:_20250127_001_},{_id_:_12_,_version_:_20250127_001_},{_id_:_13_,_version_:_20250127_001_},{_id_:_14_,_version_:_20250127_001_},{_id_:_15_,_version_:_20250127_001_}]}"
2025-05-26 16:28:10.120,LAQRA,"リクエスト書き込み開始"
2025-05-26 16:28:10.309,LAQRA,"レスポンス読み込み開始"
2025-05-26 16:28:10.313,AccessTokenInterceptor,"Requesting https://hiabt-prd-onboard.auth.ap-northeast-1.amazoncognito.com/oauth2/token with grant_type=client_credentials&client_id: 03704003"
2025-05-26 16:28:11.024,AccessTokenInterceptor,"new token: eyJraWQiOiJEUDU0M1lySG9CbjZUVFl4cGJVc0hCcDJ2cVpoWkFMXC8yWVZnUWhwa0xrRT0iLCJhbGciOiJSUzI1NiJ9.eyJzdWIiOiI1NGNhYzlldWRlZGh0MDlrdTVtMHNrZnZiNCIsInRva2VuX3VzZSI6ImFjY2VzcyIsInNjb3BlIjoicHJkb25ib2FyZFwvcHJkb25ib2FyZCIsImF1dGhfdGltZSI6MTc0ODI0NDQ5MSwiaXNzIjoiaHR0cHM6XC9cL2NvZ25pdG8taWRwLmFwLW5vcnRoZWFzdC0xLmFtYXpvbmF3cy5jb21cL2FwLW5vcnRoZWFzdC0xX2VyTFhDbEVTZSIsImV4cCI6MTc0ODMzMDg5MSwiaWF0IjoxNzQ4MjQ0NDkxLCJ2ZXJzaW9uIjoyLCJqdGkiOiJhMmJiZGE3Ny04MjY3LTQyM2MtOWMyYS00ODRhMmZkNzU1NTgiLCJjbGllbnRfaWQiOiI1NGNhYzlldWRlZGh0MDlrdTVtMHNrZnZiNCJ9.UdanvRQ_5PnQ0-JrVBkmHJGarHix_s2vLA1mvd8w9p96s4uTV1xWK2DtARuWq8wmC7d5Y4-7x_udP2wiiuYH7xBQxwnC1pXQiJMbxp5coHPHIn4OejIAnAxfyyEtHjRA1N-RBUJkQ6mGJBXYHY2-PfpVArQiiYVo26_8wXWn_FeZ0yugZ_tOAgOieYiCRYKlvgeGdsgoP15NANzVff8vBrgZfvJPpUo7f6ghbLWwGxLQ0UtfthZLT06diKZa0DVtS7kXMmgqnBQJfMtUheuUlsWHGe1UMZkUwdlUsY3fMXY6dBsqAX8gKhsH8kap84MeC6noD8PDilg2nzLZy2GzsA"
2025-05-26 16:28:11.055,LAQRA,"リクエスト書き込み開始"
2025-05-26 16:28:11.226,LAQRA,"レスポンス読み込み開始"
2025-05-26 16:28:11.229,LAQRA,"Request finished in 1123ms: Response{protocol=h2, code=200, message=, url=https://onboard.hiabt.click/api/v1/aplver}"
2025-05-26 16:28:11.230,LAQRA,"Received {_resultCode_:_0000_,_resultDetailCode_:_9200_,_outputApplicationVerList_:[]}"
2025-05-26 16:28:11.231,UPDATE_PROCEDURE,"Task DownloadAppList finished with result DONE"
2025-05-26 16:28:11.232,UPDATE_PROCEDURE,"Task DownloadMasterList is starting..."
2025-05-26 16:28:11.233,UPDATE_PROCEDURE,"Performing onStarted event for DownloadMasterList..."
2025-05-26 16:28:11.233,UPDATE_PROCEDURE,"Start DownloadMasterList using thread pool 1/30"
2025-05-26 16:28:11.233,UPDATE_PROCEDURE,"getting master version list..."
2025-05-26 16:28:11.238,LAQRA,"Requesting https://onboard.hiabt.click/api/v1/masterver with {_apiId_:_BWBA400N_,_businessType_:_00_,_requestId_:_0_,_vehicleInfo_:{_machineId_:_03704003_,_corporateCode_:_0101_,_officeCode_:_0041_,_machineCode_:_10_,_vehicleNumber_:_03704_},_masterVerList_:[{_id_:_01_,_version_:_20240823_001_},{_id_:_02_,_version_:_20240823_001_},{_id_:_03_,_version_:_20250330_001_},{_id_:_04_,_version_:_20250127_001_},{_id_:_05_,_version_:_20240823_001_}]}"
2025-05-26 16:28:11.253,LAQRA,"リクエスト書き込み開始"
2025-05-26 16:28:11.415,LAQRA,"レスポンス読み込み開始"
2025-05-26 16:28:11.418,LAQRA,"Request finished in 177ms: Response{protocol=h2, code=200, message=, url=https://onboard.hiabt.click/api/v1/masterver}"
2025-05-26 16:28:11.419,LAQRA,"Requested https://onboard.hiabt.click/api/v1/masterver returned {_resultCode_:_0000_,_resultDetailCode_:_9100_,_outputMasterVerList_:[]}"
2025-05-26 16:28:11.420,UPDATE_PROCEDURE,"write version meta data to files with result: DONE"
2025-05-26 16:28:11.422,MasterPackageRepository,"Found valid master package name: 01_0101_20240823_001, current package name is 01_0101_20240823_001"
2025-05-26 16:28:11.423,MasterPackageRepository,"Found valid master package name: 02_0101_20240823_001, current package name is 02_0101_20240823_001"
2025-05-26 16:28:11.424,MasterPackageRepository,"Found valid master package name: 03_0101_20250330_001, current package name is 03_0101_20250330_001"
2025-05-26 16:28:11.424,MasterPackageRepository,"Found valid master package name: 04_0101_20250127_001, current package name is 04_0101_20250127_001"
2025-05-26 16:28:11.425,MasterPackageRepository,"Found valid master package name: 05_0101_20240823_001, current package name is 05_0101_20240823_001"
2025-05-26 16:28:11.429,SoftwarePackageRepository,"Found valid software package name: 11_0101_20250127_001, current package name is 11_0101_20250127_001"
2025-05-26 16:28:11.430,SoftwarePackageRepository,"Found valid software package name: 12_0101_20250127_001, current package name is 12_0101_20250127_001"
2025-05-26 16:28:11.431,SoftwarePackageRepository,"Found valid software package name: 13_0101_20250127_001, current package name is 13_0101_20250127_001"
2025-05-26 16:28:11.431,SoftwarePackageRepository,"Found valid software package name: 14_0101_20250127_001, current package name is 14_0101_20250127_001"
2025-05-26 16:28:11.432,SoftwarePackageRepository,"Found valid software package name: 15_0101_20250127_001, current package name is 15_0101_20250127_001"
2025-05-26 16:28:11.437,UPDATE_PROCEDURE,"Task SyncTime is starting..."
2025-05-26 16:28:11.438,UPDATE_PROCEDURE,"Performing onStarted event for SyncTime..."
2025-05-26 16:28:11.438,UPDATE_PROCEDURE,"Start SyncTime using thread pool 1/30"
2025-05-26 16:28:11.439,UPDATE_PROCEDURE,"Task RecoverReader is starting..."
2025-05-26 16:28:11.439,UPDATE_PROCEDURE,"Performing onStarted event for RecoverReader..."
2025-05-26 16:28:11.439,UPDATE_PROCEDURE,"Start RecoverReader using thread pool 2/30"
2025-05-26 16:28:11.440,UPDATE_PROCEDURE,"getUpdateFiles:  DONE"
2025-05-26 16:28:11.441,UPDATE_PROCEDURE,"controllerApp:  SKIPPED"
2025-05-26 16:28:11.442,UPDATE_PROCEDURE,"subboardApp:  SKIPPED"
2025-05-26 16:28:11.443,UPDATE_PROCEDURE,"readerApp:  DONE"
2025-05-26 16:28:11.443,UPDATE_PROCEDURE,"checkInternet:  DONE"
2025-05-26 16:28:11.443,UPDATE_PROCEDURE,"reportDownloadedApp:  DONE"
2025-05-26 16:28:11.444,UPDATE_PROCEDURE,"reportDownloadedMaster:  DONE"
2025-05-26 16:28:11.446,LAQRA,"Requesting https://onboard.hiabt.click/api/v1/geturl with {_apiId_:_BWBA600N_,_businessType_:_00_,_requestId_:_0_,_vehicleInfo_:{_machineId_:_03704003_,_corporateCode_:_0101_,_officeCode_:_0041_,_machineCode_:_10_,_vehicleNumber_:_03704_}}"
2025-05-26 16:28:11.447,UPDATE_PROCEDURE,"system update check finished in 60725ms"
2025-05-26 16:28:11.449,UPDATE_PROCEDURE,"Task DownloadMasterList finished with result DONE"
2025-05-26 16:28:11.449,UPDATE_PROCEDURE,"Success. No Retry, clear error ERROR_SUB_CONTROLLER_2_OVER_RETRY"
2025-05-26 16:28:11.450,FRAMManager,"FRAMから必要な情報を取得している。"
2025-05-26 16:28:11.459,LAQRA,"リクエスト書き込み開始"
2025-05-26 16:28:11.482,FRAMManager,"FRAMから系統・駒番号固定取得が完了しました。系統・駒番号固定:　false"
2025-05-26 16:28:11.484,FRAMManager,"FRAMから必要な情報取得が完了しました。"
2025-05-26 16:28:11.485,TCP_CMD10H,"COMMAND 10H DATA ----------------------->>>>> : address 192.168.254.50 Reader Screen Number: 1C	data　section: 0101000000000000000000000000001C1C6363FFFFFF000000FFFF000000000000FFFFFFFFFFFF000000FFFFFFFFFFFF0000000251528352815B836882F082A982B482B582C482AD82BE82B382A281420D0A000000000000000000000000000000000000000000000000000000000000000000000000 Timeout: 0000"
2025-05-26 16:28:11.486,TCP_PERIODIC,"Communicating to 192.168.254.50:51002 command 10 in Thread : Thread-38"
2025-05-26 16:28:11.493,TCP_CMD10H,"COMMAND 10H DATA ----------------------->>>>> : address 192.168.254.51 Reader Screen Number: 1C	data　section: 0101000000000000000000000000001C1C6363FFFFFF000000FFFF000000000000FFFFFFFFFFFF000000FFFFFFFFFFFF0000000251528352815B836882F082A982B482B582C482AD82BE82B382A281420D0A000000000000000000000000000000000000000000000000000000000000000000000000 Timeout: 0000"
2025-05-26 16:28:11.494,TCP_PERIODIC,"Communicating to 192.168.254.51:51002 command 10 in Thread : Thread-38"
2025-05-26 16:28:11.494,TCP_PERIODIC,"successfully communicated with /192.168.254.50:51002"
2025-05-26 16:28:11.498,LAQRA,"Process App Status: ACTIVE"
2025-05-26 16:28:11.505,TCP_PERIODIC,"successfully communicated with /192.168.254.51:51002"
2025-05-26 16:28:11.505,TCP_CMD10H,"COMMAND 10H DATA ----------------------->>>>> : address 192.168.254.50 Reader Screen Number: 1C	data　section: 0101000000000000000000000000001C1C6363FFFFFF000000FFFF000000000000FFFFFFFFFFFF000000FFFFFFFFFFFF0000000251528352815B836882F082A982B482B582C482AD82BE82B382A281420D0A000000000000000000000000000000000000000000000000000000000000000000000000 Timeout: 0000"
2025-05-26 16:28:11.506,TCP_PERIODIC,"Communicating to 192.168.254.50:51002 command 10 in Thread : Thread-10"
2025-05-26 16:28:11.506,ReaderDoorRequestController,"request is ready to start with readerLocation: 0   doorStatus: 01"
2025-05-26 16:28:11.506,ReaderDoorRequestController,"Door Status is OPEN"
2025-05-26 16:28:11.507,ReaderDoorRequestController,"request is ready to start with readerLocation: 1   doorStatus: 00"
2025-05-26 16:28:11.508,ReaderDoorRequestController,"Door Status is CLOSE"
2025-05-26 16:28:11.509,BrightnessController,"Got message from the Broadcast of Brightness Controller with message: CHANGE_BRIGHTNESS_BY_DOOR_SIGNAL"
2025-05-26 16:28:11.508,ReaderDoorRequestController,"Door Handler is running with delay 5s"
2025-05-26 16:28:11.511,UPDATE_PROCEDURE,"Task UpdateProcedure finished with result DONE"
2025-05-26 16:28:11.512,BrightnessController,"Got message from the Broadcast of Brightness Controller with message: CHANGE_BRIGHTNESS_BY_CAB_STATE_SIGNAL"
2025-05-26 16:28:11.513,BrightnessController,"Window of app will set FLAG_NOT_TOUCHABLE flag. Disable/Block Touch in Screen ...."
2025-05-26 16:28:11.515,BrightnessController,"禁止画面 will be shown ...."
2025-05-26 16:28:11.515,TCP_CMD10H,"COMMAND 10H DATA ----------------------->>>>> : address 192.168.254.51 Reader Screen Number: 1F	data　section: 0000000000000000000000000000001F1F633fFFFFFF000000FFFF000000000000FFFFFFFFFFFF000000FFFFFFFFFFFF000000000D0A00000000000000000000000000000000000000000000000000000000000000000000000000000000000000000000000000000000000000000000000000000000 Timeout: 0000"
2025-05-26 16:28:11.521,TCP_PERIODIC,"Communicating to 192.168.254.51:51002 command 10 in Thread : Thread-39"
2025-05-26 16:28:11.531,SubBoardPollingThread,"Start sub-board polling thread"
2025-05-26 16:28:11.539,TCP_CMD10H,"COMMAND 10H DATA ----------------------->>>>> : address 192.168.254.50 Reader Screen Number: 1C	data　section: 0101000000000000000000000000001C1C6363FFFFFF000000FFFF000000000000FFFFFFFFFFFF000000FFFFFFFFFFFF0000000251528352815B836882F082A982B482B582C482AD82BE82B382A281420D0A000000000000000000000000000000000000000000000000000000000000000000000000 Timeout: 0000"
2025-05-26 16:28:11.542,TCP_PERIODIC,"Communicating to 192.168.254.50:51002 command 10 in Thread : Thread-20"
2025-05-26 16:28:11.547,TCP_CMD10H,"COMMAND 10H DATA ----------------------->>>>> : address 192.168.254.51 Reader Screen Number: 1F	data　section: 0000000000000000000000000000001F1F63FFFFFFFF000000FFFF000000000000FFFFFFFFFFFF000000FFFFFFFFFFFF000000000D0A00000000000000000000000000000000000000000000000000000000000000000000000000000000000000000000000000000000000000000000000000000000 Timeout: 0000"
2025-05-26 16:28:11.548,TCP_PERIODIC,"Communicating to 192.168.254.51:51002 command 10 in Thread : Thread-20"
2025-05-26 16:28:11.559,ABTControllerManager,"Main-Sub communicated via port 51103, cmd 0, data 010130410000000007CF00000000000000000000000000000000000000000000000000000100000000"
2025-05-26 16:28:11.565,ABTControllerManager,"Main-Sub communicated via port 51103 command メイン制御部⇒サブ制御部 0x00h with    FTP通信：許可   ステータス：通常(Ready)   現在系統番号：1999   現在駒番号：0   エラーコードメイン：0   エラーコード1：0   エラーコード2：0   エラーコード3：0   音声合成通信状態通知：正常   起動状態通知: 起動完了   起動結果通知メイン：起動成功   起動結果通知1：起動成功   起動結果通知2：起動成功   起動結果通知3：起動成功   データ部：010130410000000007CF00000000000000000000000000000000000000000000000000000100000000"
2025-05-26 16:28:11.566,UPDATE_PROCEDURE,"handling received status By Comm Main-Sub"
2025-05-26 16:28:11.566,UPDATE_PROCEDURE,"①メイン制御器からFTPアクセス許可が来たタイミング"
2025-05-26 16:28:11.568,ThreadRecovery,"the total process time finished in 13ms"
2025-05-26 16:28:11.572,ScreenControlManager,"外部入力1PIN：扉信号 is received with status true setting value: Hi"
2025-05-26 16:28:11.573,ScreenControlManager,"外部入力3PIN：運転台信号 is received with status true"
2025-05-26 16:28:11.579,TCP_PERIODIC,"successfully communicated with /192.168.254.50:51002"
2025-05-26 16:28:11.592,SYNC_TIME,"Time from time.aws.com: Mon May 26 16:28:11 GMT+09:00 2025"
2025-05-26 16:28:11.857,LAQRA,"レスポンス読み込み開始"
2025-05-26 16:28:11.875,UPDATE_PROCEDURE,"Task SyncTime finished with result DONE"
2025-05-26 16:28:11.877,LAQRA,"Request finished in 430ms: Response{protocol=h2, code=200, message=, url=https://onboard.hiabt.click/api/v1/geturl}"
2025-05-26 16:28:11.885,LAQRA,"Received {_resultCode_:_0000_,_resultDetailCode_:_9300_,_uploadUrl_:{_uploadUrl_:_https://prd-s3-hiabt-onboard-file-share.s3.ap-northeast-1.amazonaws.com/0101/0041/03704/log_20250526_162811_03704_003.tar.gz?X-Amz-Algorithm=AWS4-HMAC-SHA256&X-Amz-Date=20250526T072811Z&X-Amz-SignedHeaders=content-type%3Bhost&X-Amz-Expires=3600&X-Amz-Credential=AKIAX3NXKWZ6EILAYREU%2F20250526%2Fap-northeast-1%2Fs3%2Faws4_request&X-Amz-Signature=45ff349e7d7d6bc2a83252e806c31bbfc96482323915c55252844afda484c7cd_}}"
2025-05-26 16:28:11.887,LAQRA,"resultCode: 0000,resultDetailCode: 9300,url: https://prd-s3-hiabt-onboard-file-share.s3.ap-northeast-1.amazonaws.com/0101/0041/03704/log_20250526_162811_03704_003.tar.gz?X-Amz-Algorithm=AWS4-HMAC-SHA256&X-Amz-Date=20250526T072811Z&X-Amz-SignedHeaders=content-type%3Bhost&X-Amz-Expires=3600&X-Amz-Credential=AKIAX3NXKWZ6EILAYREU%2F20250526%2Fap-northeast-1%2Fs3%2Faws4_request&X-Amz-Signature=45ff349e7d7d6bc2a83252e806c31bbfc96482323915c55252844afda484c7cd,"
