2025-05-27 05:05:09.404,LAQRA,"Process App Status: ACTIVE"
2025-05-27 05:05:09.411,BrightnessController,"Got message from the Broadcast of Brightness Controller with message: CHANGE_BRIGHTNESS_BY_DOOR_SIGNAL"
2025-05-27 05:05:09.412,TCP_CMD10H,"COMMAND 10H DATA ----------------------->>>>> : address 192.168.254.54 Reader Screen Number: 1F	data　section: 0000000000000000000000000000001F1F00FFFFFFFF000000FFFF000000000000FFFFFFFFFFFF000000FFFFFFFFFFFF000000000D0A00000000000000000000000000000000000000000000000000000000000000000000000000000000000000000000000000000000000000000000000000000000 Timeout: 0000"
2025-05-27 05:05:09.414,TCP_PERIODIC,"Communicating to 192.168.254.54:51002 command 10 in Thread : Thread-3"
2025-05-27 05:05:09.429,TCP_PERIODIC,"successfully communicated with /192.168.254.54:51002"
2025-05-27 05:05:14.408,PAYMENT,"Send request to show door close screen"
2025-05-27 05:05:14.410,PAYMENT,"Send request to show door close screen"
2025-05-27 05:05:14.414,TCP_CMD10H,"COMMAND 10H DATA ----------------------->>>>> : address 192.168.254.53 Reader Screen Number: 1F	data　section: 0000000000000000000000000000001F1F00FFFFFFFF000000FFFF000000000000FFFFFFFFFFFF000000FFFFFFFFFFFF000000000D0A00000000000000000000000000000000000000000000000000000000000000000000000000000000000000000000000000000000000000000000000000000000 Timeout: 0000"
2025-05-27 05:05:14.415,TCP_PERIODIC,"Communicating to 192.168.254.53:51002 command 10 in Thread : Thread-23"
2025-05-27 05:05:14.415,ReaderRequestController,"Send to reader with the command of screen number: 1F done   "
2025-05-27 05:05:14.422,TCP_CMD10H,"COMMAND 10H DATA ----------------------->>>>> : address 192.168.254.54 Reader Screen Number: 1F	data　section: 0000000000000000000000000000001F1F00FFFFFFFF000000FFFF000000000000FFFFFFFFFFFF000000FFFFFFFFFFFF000000000D0A00000000000000000000000000000000000000000000000000000000000000000000000000000000000000000000000000000000000000000000000000000000 Timeout: 0000"
2025-05-27 05:05:14.425,TCP_PERIODIC,"successfully communicated with /192.168.254.53:51002"
2025-05-27 05:05:14.430,ReaderRequestController,"Send to reader with the command of screen number: 1F done   "
2025-05-27 05:05:14.430,TCP_PERIODIC,"Communicating to 192.168.254.54:51002 command 10 in Thread : Thread-12"
2025-05-27 05:05:14.444,TCP_PERIODIC,"successfully communicated with /192.168.254.54:51002"
2025-05-27 05:05:15.462,CONNECT_SERVER_SUB,"Server is waiting for handshaking with client at port 51104"
2025-05-27 05:05:29.142,CONNECT_SERVER_SUB,"Server is having error due to timeout java.net.SocketTimeoutException: Poll timed out port 51104"
2025-05-27 05:05:30.976,ABTControllerManager,"Main-Sub communicated via port 51104, cmd 16, data 30420000000001F4"
2025-05-27 05:05:30.978,ABTControllerManager,"Main-Sub communicated via port 51104 command from Main Controller  メイン制御部⇒サブ制御部 0x10h with 系統番号： 500 データ部：30420000000001F4"
2025-05-27 05:05:30.981,FirstDateCreator,"receivedTime is set at : 5:5:30"
2025-05-27 05:05:30.987,ABTControllerManager,"系統番号:  500 exists in master. Update UI and send command to サブ基盤 to save 系統番号"
2025-05-27 05:05:30.989,TCP_CMD10H,"COMMAND 10H DATA ----------------------->>>>> : address 192.168.254.53 Reader Screen Number: 1F	data　section: 0000000000000000000000000000001F1F0000FFFFFF000000FFFF000000000000FFFFFFFFFFFF000000FFFFFFFFFFFF000000000D0A00000000000000000000000000000000000000000000000000000000000000000000000000000000000000000000000000000000000000000000000000000000 Timeout: 0000"
2025-05-27 05:05:30.990,ThreadRecovery,"the total process time finished in 16ms"
2025-05-27 05:05:30.990,TCP_PERIODIC,"Communicating to 192.168.254.53:51002 command 10 in Thread : Thread-38"
2025-05-27 05:05:30.999,TCP_PERIODIC,"successfully communicated with /192.168.254.53:51002"
2025-05-27 05:05:31.000,TCP_CMD10H,"COMMAND 10H DATA ----------------------->>>>> : address 192.168.254.54 Reader Screen Number: 1F	data　section: 0000000000000000000000000000001F1F0000FFFFFF000000FFFF000000000000FFFFFFFFFFFF000000FFFFFFFFFFFF000000000D0A00000000000000000000000000000000000000000000000000000000000000000000000000000000000000000000000000000000000000000000000000000000 Timeout: 0000"
2025-05-27 05:05:31.000,TCP_PERIODIC,"Communicating to 192.168.254.54:51002 command 10 in Thread : Thread-10"
2025-05-27 05:05:31.008,TCP_PERIODIC,"successfully communicated with /192.168.254.54:51002"
2025-05-27 05:05:33.511,ABTControllerManager,"Main-Sub communicated via port 51104, cmd 0, data 010130410000000001F400000000000000000000000000000000000000000000000000000100000000"
2025-05-27 05:05:33.515,ABTControllerManager,"Main-Sub communicated via port 51104 command メイン制御部⇒サブ制御部 0x00h with    FTP通信：許可   ステータス：通常(Ready)   現在系統番号：500   現在駒番号：0   エラーコードメイン：0   エラーコード1：0   エラーコード2：0   エラーコード3：0   音声合成通信状態通知：正常   起動状態通知: 起動完了   起動結果通知メイン：起動成功   起動結果通知1：起動成功   起動結果通知2：起動成功   起動結果通知3：起動成功   データ部：010130410000000001F400000000000000000000000000000000000000000000000000000100000000"
2025-05-27 05:05:33.516,UPDATE_PROCEDURE,"handling received status By Comm Main-Sub"
2025-05-27 05:05:33.516,UPDATE_PROCEDURE,"①メイン制御器からFTPアクセス許可が来たタイミング"
2025-05-27 05:05:33.518,ThreadRecovery,"the total process time finished in 12ms"
2025-05-27 05:05:43.339,ABTControllerManager,"Main-Sub communicated via port 51104, cmd 0, data 010130410000000001F400000000000000000000000000000000000000000000000000010100000000"
2025-05-27 05:05:43.348,ABTControllerManager,"Main-Sub communicated via port 51104 command メイン制御部⇒サブ制御部 0x00h with    FTP通信：許可   ステータス：通常(Ready)   現在系統番号：500   現在駒番号：0   エラーコードメイン：0   エラーコード1：0   エラーコード2：0   エラーコード3：0   音声合成通信状態通知：異常   起動状態通知: 起動完了   起動結果通知メイン：起動成功   起動結果通知1：起動成功   起動結果通知2：起動成功   起動結果通知3：起動成功   データ部：010130410000000001F400000000000000000000000000000000000000000000000000010100000000"
2025-05-27 05:05:43.349,ErrorManager,"データベースに 【EC9021-0】 が保存された"
2025-05-27 05:05:43.353,UPDATE_PROCEDURE,"handling received status By Comm Main-Sub"
2025-05-27 05:05:43.354,UPDATE_PROCEDURE,"①メイン制御器からFTPアクセス許可が来たタイミング"
2025-05-27 05:05:43.355,ThreadRecovery,"the total process time finished in 24ms"
2025-05-27 05:05:43.827,TCP_CMD10H,"COMMAND 10H DATA ----------------------->>>>> : address 192.168.254.53 Reader Screen Number: 13	data　section: 0000000000000000000000000000001313FFFFFFFFFF000000FFFF000000000000FFFFFFFFFFFF000000FFFFFFFFFFFF000000FF0D0A00000000000000000000000000000000000000000000000000000000000000000000000000000000000000000000000000000000000000000000000000000000 Timeout: 0000"
2025-05-27 05:05:43.829,TCP_PERIODIC,"Communicating to 192.168.254.53:51002 command 10 in Thread : Thread-26"
2025-05-27 05:05:43.835,TCP_CMD10H,"COMMAND 10H DATA ----------------------->>>>> : address 192.168.254.54 Reader Screen Number: 13	data　section: 0000000000000000000000000000001313FFFFFFFFFF000000FFFF000000000000FFFFFFFFFFFF000000FFFFFFFFFFFF000000FF0D0A00000000000000000000000000000000000000000000000000000000000000000000000000000000000000000000000000000000000000000000000000000000 Timeout: 0000"
2025-05-27 05:05:43.837,TCP_PERIODIC,"Communicating to 192.168.254.54:51002 command 10 in Thread : Thread-7"
2025-05-27 05:05:43.844,TCP_PERIODIC,"successfully communicated with /192.168.254.53:51002"
2025-05-27 05:05:43.847,TCP_PERIODIC,"successfully communicated with /192.168.254.54:51002"
2025-05-27 05:05:49.604,CONNECT_SERVER_SUB,"Server is waiting for handshaking with client at port 51104"
2025-05-27 05:06:03.987,CONNECT_SERVER_SUB,"Server is having error due to timeout java.net.SocketTimeoutException: Poll timed out port 51104"
2025-05-27 05:06:21.827,CONNECT_SERVER_SUB,"Server is waiting for handshaking with client at port 51104"
2025-05-27 05:06:33.746,ABTControllerManager,"Main-Sub communicated via port 51104, cmd 0, data 010130410000000001F400000000000000000000000000000000000000000000000000000100000000"
2025-05-27 05:06:33.750,ABTControllerManager,"Main-Sub communicated via port 51104 command メイン制御部⇒サブ制御部 0x00h with    FTP通信：許可   ステータス：通常(Ready)   現在系統番号：500   現在駒番号：0   エラーコードメイン：0   エラーコード1：0   エラーコード2：0   エラーコード3：0   音声合成通信状態通知：正常   起動状態通知: 起動完了   起動結果通知メイン：起動成功   起動結果通知1：起動成功   起動結果通知2：起動成功   起動結果通知3：起動成功   データ部：010130410000000001F400000000000000000000000000000000000000000000000000000100000000"
2025-05-27 05:06:33.751,ErrorManager,"データベースに 【EC9021-0】 がクリアされた"
2025-05-27 05:06:33.753,UPDATE_PROCEDURE,"handling received status By Comm Main-Sub"
2025-05-27 05:06:33.753,UPDATE_PROCEDURE,"①メイン制御器からFTPアクセス許可が来たタイミング"
2025-05-27 05:06:33.754,ThreadRecovery,"the total process time finished in 12ms"
2025-05-27 05:06:51.671,CONNECT_SERVER_SUB,"Server is having error due to timeout java.net.SocketTimeoutException: Poll timed out port 51104"
2025-05-27 05:07:53.936,LAQRA,"App is starting..."
2025-05-27 05:07:54.524,ErrorDatabase,"The database file has been created"
2025-05-27 05:07:55.614,LAQRA,"(Android Activity LifeCycle) App is onResume"
2025-05-27 05:07:58.102,UPDATE_PROCEDURE,"destroy Instance of UpdateProcedure"
2025-05-27 05:07:58.122,UPDATE_PROCEDURE,"Task UpdateProcedure is starting..."
2025-05-27 05:07:58.123,UPDATE_PROCEDURE,"Performing onStarted event for UpdateProcedure..."
2025-05-27 05:07:58.736,UPDATE_PROCEDURE,"Start UpdateProcedure using thread pool 0/30"
2025-05-27 05:07:58.753,UPDATE_PROCEDURE,"Task ContinueOngoingUpdate is starting..."
2025-05-27 05:07:58.754,UPDATE_PROCEDURE,"Performing onStarted event for ContinueOngoingUpdate..."
2025-05-27 05:07:58.759,UPDATE_PROCEDURE,"Start ContinueOngoingUpdate using thread pool 1/30"
2025-05-27 05:07:58.765,UPDATE_PROCEDURE,"Fetch system update status, got NONE"
2025-05-27 05:07:58.769,UPDATE_PROCEDURE,"Task ContinueOngoingUpdate finished with result SKIPPED"
2025-05-27 05:07:58.770,UPDATE_PROCEDURE,"Task GetUpdateFiles is starting..."
2025-05-27 05:07:58.771,UPDATE_PROCEDURE,"Performing onStarted event for GetUpdateFiles..."
2025-05-27 05:07:58.772,UPDATE_PROCEDURE,"Start GetUpdateFiles using thread pool 1/30"
2025-05-27 05:07:58.773,UPDATE_PROCEDURE,"Task GetUpdatePackageSomewhere is starting..."
2025-05-27 05:07:58.774,UPDATE_PROCEDURE,"Performing onStarted event for GetUpdatePackageSomewhere..."
2025-05-27 05:07:58.774,UPDATE_PROCEDURE,"Start GetUpdatePackageSomewhere using thread pool 2/30"
2025-05-27 05:07:58.775,UPDATE_PROCEDURE,"Task GetUpdatePackageLocal is starting..."
2025-05-27 05:07:58.775,UPDATE_PROCEDURE,"Performing onStarted event for GetUpdatePackageLocal..."
2025-05-27 05:07:58.779,UPDATE_PROCEDURE,"Start GetUpdatePackageLocal using thread pool 3/30"
2025-05-27 05:07:58.780,UPDATE_PROCEDURE,"USB Setup State = CONNECTING"
2025-05-27 05:07:58.783,UPDATE_PROCEDURE,"Start checking USB Media"
2025-05-27 05:07:59.181,ABTControllerManager,"Main-Sub Controller Connection is creating...."
2025-05-27 05:07:59.187,CONNECT_CLIENT,"From the time the app starts to the time the Client socket connection opens (socketの接続開始) ( IP: 192.168.254.30 port: 52104) in 5246ms"
2025-05-27 05:07:59.257,TCP_IMPL,"Establishing reader communication thread for 192.168.254.53:52010"
2025-05-27 05:07:59.257,TCP_IMPL,"Establishing reader communication thread for 192.168.254.54:52011"
2025-05-27 05:07:59.260,TCP_IMPL,"Waiting for connection for 192.168.254.54:52011"
2025-05-27 05:07:59.260,TCP_IMPL,"Waiting for connection for 192.168.254.53:52010"
2025-05-27 05:08:00.195,ABTControllerManager,"Check to start send data to client/host with  (attempted 0 times)"
2025-05-27 05:08:01.199,ABTControllerManager,"Check to start send data to client/host with  (attempted 1 times)"
2025-05-27 05:08:01.202,MiddleWareChecker,"Check connection of controller with IP 192.168.254.30 Port 52104 Error: PING  --->NOT OK"
2025-05-27 05:08:02.205,ABTControllerManager,"Check to start send data to client/host with  (attempted 2 times)"
2025-05-27 05:08:02.206,MiddleWareChecker,"Check connection of controller with IP 192.168.254.30 Port 52104 Error: PING  --->NOT OK"
2025-05-27 05:08:03.207,ABTControllerManager,"Check to start send data to client/host with  (attempted 3 times)"
2025-05-27 05:08:03.208,MiddleWareChecker,"Check connection of controller with IP 192.168.254.30 Port 52104 Error: PING  --->NOT OK"
2025-05-27 05:08:03.258,TCP_PERIODIC,"Preparing openned 192.168.254.53:51002"
2025-05-27 05:08:03.262,TCP_PERIODIC,"Openned socket /192.168.254.53:51002"
2025-05-27 05:08:03.263,TCP_PERIODIC,"Preparing openned 192.168.254.54:51002"
2025-05-27 05:08:03.265,TCP_PERIODIC,"Openned socket /192.168.254.54:51002"
2025-05-27 05:08:04.209,ABTControllerManager,"Check to start send data to client/host with  (attempted 4 times)"
2025-05-27 05:08:04.211,MiddleWareChecker,"Check connection of controller with IP 192.168.254.30 Port 52104 Error: CONNECTION  --->NOT OK"
2025-05-27 05:08:05.212,ABTControllerManager,"Check to start send data to client/host with  (attempted 5 times)"
2025-05-27 05:08:05.213,MiddleWareChecker,"Check connection of controller with IP 192.168.254.30 Port 52104 Error: CONNECTION  --->NOT OK"
2025-05-27 05:08:06.215,ABTControllerManager,"Check to start send data to client/host with  (attempted 6 times)"
2025-05-27 05:08:06.216,MiddleWareChecker,"Check connection of controller with IP 192.168.254.30 Port 52104 Error: CONNECTION  --->NOT OK"
2025-05-27 05:08:07.124,UPDATE_PROCEDURE,"USB connect off, USB file copy task failed"
2025-05-27 05:08:07.125,UPDATE_PROCEDURE,"Task GetUpdatePackageLocal finished with result FAILED"
2025-05-27 05:08:07.127,UPDATE_PROCEDURE,"Task GetUpdatePackageRemote is starting..."
2025-05-27 05:08:07.128,UPDATE_PROCEDURE,"Performing onStarted event for GetUpdatePackageRemote..."
2025-05-27 05:08:07.128,UPDATE_PROCEDURE,"Start GetUpdatePackageRemote using thread pool 1/30"
2025-05-27 05:08:07.133,UPDATE_PROCEDURE,"Task GetUpdatePackageRemote finished with result FAILED"
2025-05-27 05:08:07.134,UPDATE_PROCEDURE,"Task DownloadUpdatePackageFTP is starting..."
2025-05-27 05:08:07.135,UPDATE_PROCEDURE,"Performing onStarted event for DownloadUpdatePackageFTP..."
2025-05-27 05:08:07.135,UPDATE_PROCEDURE,"Start DownloadUpdatePackageFTP using thread pool 2/30"
2025-05-27 05:08:07.136,UPDATE_PROCEDURE,"executing download package FTP"
2025-05-27 05:08:07.139,UPDATE_PROCEDURE,"stop timeout (50s) now"
2025-05-27 05:08:07.140,UPDATE_PROCEDURE,"Waiting to check status of event DownloadUpdatePackageFTP by timeout 50s"
2025-05-27 05:08:07.141,UPDATE_PROCEDURE,"Querying server status..."
2025-05-27 05:08:07.141,UPDATE_PROCEDURE,"Server status is null"
2025-05-27 05:08:07.142,UPDATE_PROCEDURE,"No server status yet"
2025-05-27 05:08:07.218,ABTControllerManager,"Check to start send data to client/host with  (attempted 7 times)"
2025-05-27 05:08:07.219,MiddleWareChecker,"Check connection of controller with IP 192.168.254.30 Port 52104 Error: CONNECTION  --->NOT OK"
2025-05-27 05:08:08.221,ABTControllerManager,"Check to start send data to client/host with  (attempted 8 times)"
2025-05-27 05:08:08.222,MiddleWareChecker,"Check connection of controller with IP 192.168.254.30 Port 52104 Error: CONNECTION  --->NOT OK"
2025-05-27 05:08:09.224,ABTControllerManager,"Check to start send data to client/host with  (attempted 9 times)"
2025-05-27 05:08:09.224,MiddleWareChecker,"Check connection of controller with IP 192.168.254.30 Port 52104 Error: CONNECTION  --->NOT OK"
2025-05-27 05:08:10.225,ABTControllerManager,"Check to start send data to client/host with  (attempted 10 times)"
2025-05-27 05:08:10.227,MiddleWareChecker,"Check connection of controller with IP 192.168.254.30 Port 52104 Error: CONNECTION  --->NOT OK"
2025-05-27 05:08:11.228,ABTControllerManager,"Check to start send data to client/host with  (attempted 11 times)"
2025-05-27 05:08:11.230,ABTControllerManager,"Retry 0 times/10, reset counter 0. All Client/Host of Main-Sub is reopen"
2025-05-27 05:08:11.235,DEBUG,"Opened socket at (IP: 192.168.254.30 Port: 52104) with bound: true connected: true closed: false"
2025-05-27 05:08:11.236,CONNECT_SERVER_SUB,"Socket of Host is closing with port: 51104"
2025-05-27 05:08:12.235,ABTControllerManager,"Check to start send data to client/host with  (attempted 0 times)"
2025-05-27 05:08:12.236,MiddleWareChecker,"Check connection of controller with IP 192.168.254.30 Port 52104 Error: RECEIVE  --->OK"
2025-05-27 05:08:12.237,ABTControllerManager,"Main-Sub Controller Connection is finished SUCCESS 通信の安定化にかかっている時間: 18296ms with 1/1 times. (接続完了) Starting send data to client and host"
2025-05-27 05:08:12.246,DEBUG,"Opened socket at (IP: 192.168.254.30 Port: 52104) with bound: true connected: true closed: false"
2025-05-27 05:08:12.348,ABTControllerManager,"Main-Sub communicated via port 51104, cmd 0, data 000030410000FFFFFFFF00000000000000000000000000000000000000000000000000000000000000"
2025-05-27 05:08:12.354,ABTControllerManager,"Main-Sub communicated via port 51104 command メイン制御部⇒サブ制御部 0x00h with    FTP通信：禁止   ステータス：通常(Busy)   現在系統番号：-1   現在駒番号：0   エラーコードメイン：0   エラーコード1：0   エラーコード2：0   エラーコード3：0   音声合成通信状態通知：正常   起動状態通知: 起動中   起動結果通知メイン：起動成功   起動結果通知1：起動成功   起動結果通知2：起動成功   起動結果通知3：起動成功   データ部：000030410000FFFFFFFF00000000000000000000000000000000000000000000000000000000000000"
2025-05-27 05:08:12.355,UPDATE_PROCEDURE,"handling received status By Comm Main-Sub"
2025-05-27 05:08:12.356,UPDATE_PROCEDURE,"①メイン制御器からFTPアクセス許可が来たタイミング"
2025-05-27 05:08:12.361,ThreadRecovery,"the total process time finished in 16ms"
2025-05-27 05:08:21.897,CONNECT_SERVER_SUB,"Server is having error due to timeout java.net.SocketTimeoutException: Poll timed out port 51104"
2025-05-27 05:08:39.472,ABTControllerManager,"Main-Sub communicated via port 51104, cmd 0, data 010030410000FFFFFFFF00000000000000000000000000000000000000000000000000000000000000"
2025-05-27 05:08:39.476,ABTControllerManager,"Main-Sub communicated via port 51104 command メイン制御部⇒サブ制御部 0x00h with    FTP通信：許可   ステータス：通常(Busy)   現在系統番号：-1   現在駒番号：0   エラーコードメイン：0   エラーコード1：0   エラーコード2：0   エラーコード3：0   音声合成通信状態通知：正常   起動状態通知: 起動中   起動結果通知メイン：起動成功   起動結果通知1：起動成功   起動結果通知2：起動成功   起動結果通知3：起動成功   データ部：010030410000FFFFFFFF00000000000000000000000000000000000000000000000000000000000000"
2025-05-27 05:08:39.478,UPDATE_PROCEDURE,"handling received status By Comm Main-Sub"
2025-05-27 05:08:39.479,UPDATE_PROCEDURE,"①メイン制御器からFTPアクセス許可が来たタイミング"
2025-05-27 05:08:39.480,FTPConnectHelper,"Connecting to FTP 192.168.254.30:2221"
2025-05-27 05:08:39.566,FTPConnectHelper,"Logging in to FTP LECIP"
2025-05-27 05:08:39.949,FTPConnectHelper,"FTP login successful"
2025-05-27 05:08:39.950,UPDATE_PROCEDURE,"②メイン制御器へFTPアクセスするタイミング"
2025-05-27 05:08:39.950,UPDATE_PROCEDURE,"Download from FTP starting..."
2025-05-27 05:08:39.952,UPDATE_PROCEDURE,"Stop waiting timeout and start FTP download timeout (50s) instead."
2025-05-27 05:08:39.952,UPDATE_PROCEDURE,"stop timeout (50s) now"
2025-05-27 05:08:40.528,FTPConnectHelper,"downloading from FTP 2 entries"
2025-05-27 05:08:40.529,FTPConnectHelper,"downloading folder from FTP LIVUManager/app -> /log/Server/download/app"
2025-05-27 05:08:40.956,FTPConnectHelper,"downloading from FTP 5 entries"
2025-05-27 05:08:40.957,FTPConnectHelper,"downloading folder from FTP LIVUManager/app/11 -> /log/Server/download/app/11"
2025-05-27 05:08:41.352,FTPConnectHelper,"downloading from FTP 3 entries"
2025-05-27 05:08:41.353,FTPConnectHelper,"downloading folder from FTP LIVUManager/app/11/LIVUManager -> /log/Server/download/app/11/LIVUManager"
2025-05-27 05:08:41.686,FTPConnectHelper,"downloading from FTP 0 entries"
2025-05-27 05:08:41.687,FTPConnectHelper,"downloading folder from FTP LIVUManager/app/11/LIVUSub -> /log/Server/download/app/11/LIVUSub"
2025-05-27 05:08:42.017,FTPConnectHelper,"downloading from FTP 0 entries"
2025-05-27 05:08:42.023,FTPConnectHelper,"Same file detected on local machine, skip copying LIVUManager/app/11/11_0101_20250127_001.tar.gz"
2025-05-27 05:08:42.023,FTPConnectHelper,"downloading folder from FTP LIVUManager/app/12 -> /log/Server/download/app/12"
2025-05-27 05:08:42.457,FTPConnectHelper,"downloading from FTP 1 entries"
2025-05-27 05:08:42.459,FTPConnectHelper,"Same file detected on local machine, skip copying LIVUManager/app/12/12_0101_20250127_001.tar.gz"
2025-05-27 05:08:42.460,FTPConnectHelper,"downloading folder from FTP LIVUManager/app/13 -> /log/Server/download/app/13"
2025-05-27 05:08:42.813,FTPConnectHelper,"downloading from FTP 1 entries"
2025-05-27 05:08:42.815,FTPConnectHelper,"Same file detected on local machine, skip copying LIVUManager/app/13/13_0101_20250127_001.tar.gz"
2025-05-27 05:08:42.815,FTPConnectHelper,"downloading folder from FTP LIVUManager/app/14 -> /log/Server/download/app/14"
2025-05-27 05:08:43.172,FTPConnectHelper,"downloading from FTP 1 entries"
2025-05-27 05:08:43.174,FTPConnectHelper,"Same file detected on local machine, skip copying LIVUManager/app/14/14_0101_20250127_001.tar.gz"
2025-05-27 05:08:43.175,FTPConnectHelper,"downloading folder from FTP LIVUManager/app/15 -> /log/Server/download/app/15"
2025-05-27 05:08:43.521,FTPConnectHelper,"downloading from FTP 1 entries"
2025-05-27 05:08:43.523,FTPConnectHelper,"Same file detected on local machine, skip copying LIVUManager/app/15/15_0101_20250127_001.tar.gz"
2025-05-27 05:08:43.524,FTPConnectHelper,"downloading folder from FTP LIVUManager/mast -> /log/Server/download/mast"
2025-05-27 05:08:43.898,FTPConnectHelper,"downloading from FTP 5 entries"
2025-05-27 05:08:43.899,FTPConnectHelper,"downloading folder from FTP LIVUManager/mast/01 -> /log/Server/download/mast/01"
2025-05-27 05:08:44.223,FTPConnectHelper,"downloading from FTP 1 entries"
2025-05-27 05:08:44.225,FTPConnectHelper,"Same file detected on local machine, skip copying LIVUManager/mast/01/01_0101_20240823_001.zip"
2025-05-27 05:08:44.226,FTPConnectHelper,"downloading folder from FTP LIVUManager/mast/02 -> /log/Server/download/mast/02"
2025-05-27 05:08:44.578,FTPConnectHelper,"downloading from FTP 1 entries"
2025-05-27 05:08:44.580,FTPConnectHelper,"Same file detected on local machine, skip copying LIVUManager/mast/02/02_0101_20240823_001.zip"
2025-05-27 05:08:44.581,FTPConnectHelper,"downloading folder from FTP LIVUManager/mast/03 -> /log/Server/download/mast/03"
2025-05-27 05:08:44.917,FTPConnectHelper,"downloading from FTP 1 entries"
2025-05-27 05:08:44.918,FTPConnectHelper,"Same file detected on local machine, skip copying LIVUManager/mast/03/03_0101_20250330_001.zip"
2025-05-27 05:08:44.918,FTPConnectHelper,"downloading folder from FTP LIVUManager/mast/04 -> /log/Server/download/mast/04"
2025-05-27 05:08:45.248,FTPConnectHelper,"downloading from FTP 1 entries"
2025-05-27 05:08:45.249,FTPConnectHelper,"Same file detected on local machine, skip copying LIVUManager/mast/04/04_0101_20250127_001.zip"
2025-05-27 05:08:45.250,FTPConnectHelper,"downloading folder from FTP LIVUManager/mast/05 -> /log/Server/download/mast/05"
2025-05-27 05:08:45.615,FTPConnectHelper,"downloading from FTP 1 entries"
2025-05-27 05:08:45.616,FTPConnectHelper,"Same file detected on local machine, skip copying LIVUManager/mast/05/05_0101_20240823_001.zip"
2025-05-27 05:08:45.617,UPDATE_PROCEDURE,"Download from FTP successful"
2025-05-27 05:08:45.618,UPDATE_PROCEDURE,"stop timeout (50s) now"
2025-05-27 05:08:45.618,UPDATE_PROCEDURE,"stop timeout (50s) now"
2025-05-27 05:08:45.619,UPDATE_PROCEDURE,"DownloadUpdatePackageFTP::clear instance"
2025-05-27 05:08:45.619,UPDATE_PROCEDURE,"DownloadUpdatePackageFTP::clear instance"
2025-05-27 05:08:45.620,UPDATE_PROCEDURE,"Task DownloadUpdatePackageFTP finished with result DONE"
2025-05-27 05:08:45.620,UPDATE_PROCEDURE,"Task GetUpdatePackageSomewhere finished with result DONE"
2025-05-27 05:08:45.622,UPDATE_PROCEDURE,"Task ExtractUpdatePackage is starting..."
2025-05-27 05:08:45.623,UPDATE_PROCEDURE,"Performing onStarted event for ExtractUpdatePackage..."
2025-05-27 05:08:45.624,UPDATE_PROCEDURE,"Start ExtractUpdatePackage using thread pool 5/30"
2025-05-27 05:08:45.624,FTPConnectHelper,"FTP Server Disconnect"
2025-05-27 05:08:45.625,MasterPackageRepository,"checking new package for 01, current package = 01_0101_20240823_001"
2025-05-27 05:08:45.627,UPDATE_PROCEDURE,"No new package at /log/Server/download/mast/01, skip extracting"
2025-05-27 05:08:45.627,MasterPackageRepository,"checking new package for 02, current package = 02_0101_20240823_001"
2025-05-27 05:08:45.628,UPDATE_PROCEDURE,"No new package at /log/Server/download/mast/02, skip extracting"
2025-05-27 05:08:45.628,MasterPackageRepository,"checking new package for 03, current package = 03_0101_20250330_001"
2025-05-27 05:08:45.629,UPDATE_PROCEDURE,"No new package at /log/Server/download/mast/03, skip extracting"
2025-05-27 05:08:45.629,MasterPackageRepository,"checking new package for 04, current package = 04_0101_20250127_001"
2025-05-27 05:08:45.630,UPDATE_PROCEDURE,"No new package at /log/Server/download/mast/04, skip extracting"
2025-05-27 05:08:45.631,MasterPackageRepository,"checking new package for 05, current package = 05_0101_20240823_001"
2025-05-27 05:08:45.631,UPDATE_PROCEDURE,"No new package at /log/Server/download/mast/05, skip extracting"
2025-05-27 05:08:45.632,SoftwarePackageRepository,"checking new package for 11, current package = 11_0101_20250127_001"
2025-05-27 05:08:45.632,UPDATE_PROCEDURE,"No new package at /log/Server/download/app/11, skip extracting"
2025-05-27 05:08:45.633,SoftwarePackageRepository,"checking new package for 12, current package = 12_0101_20250127_001"
2025-05-27 05:08:45.633,UPDATE_PROCEDURE,"No new package at /log/Server/download/app/12, skip extracting"
2025-05-27 05:08:45.693,ThreadRecovery,"the total process time finished in 6224ms"
2025-05-27 05:08:45.699,ABTControllerManager,"Main-Sub communicated via port 51104, cmd 0, data 000030410000FFFFFFFF00000000000000000000000000000000000000000000000000000000000000"
2025-05-27 05:08:45.703,ABTControllerManager,"Main-Sub communicated via port 51104 command メイン制御部⇒サブ制御部 0x00h with    FTP通信：禁止   ステータス：通常(Busy)   現在系統番号：-1   現在駒番号：0   エラーコードメイン：0   エラーコード1：0   エラーコード2：0   エラーコード3：0   音声合成通信状態通知：正常   起動状態通知: 起動中   起動結果通知メイン：起動成功   起動結果通知1：起動成功   起動結果通知2：起動成功   起動結果通知3：起動成功   データ部：000030410000FFFFFFFF00000000000000000000000000000000000000000000000000000000000000"
2025-05-27 05:08:45.704,UPDATE_PROCEDURE,"handling received status By Comm Main-Sub"
2025-05-27 05:08:45.704,UPDATE_PROCEDURE,"①メイン制御器からFTPアクセス許可が来たタイミング"
2025-05-27 05:08:45.706,ThreadRecovery,"the total process time finished in 11ms"
2025-05-27 05:08:45.986,UPDATE_PROCEDURE,"r_load.txt data = [LPARAM NAME=ncc_ons,VER=FE-88-13,LDATE=*, LPARAM NAME=ncc_ipl,VER=FE-85-12,LDATE=*, LPARAM NAME=ncc_pat,VER=FE-87-13,LDATE=*, LPARAM NAME=ncc,VER=FE-86-19,LDATE=*]"
2025-05-27 05:08:46.024,ABTControllerManager,"Main-Sub communicated via port 51104, cmd 0, data 010030410000FFFFFFFF00000000000000000000000000000000000000000000000000000000000000"
2025-05-27 05:08:46.027,UPDATE_PROCEDURE,"Extract reader app successfully"
2025-05-27 05:08:46.028,UPDATE_PROCEDURE,"Extract update package finished with success = true"
2025-05-27 05:08:46.028,ABTControllerManager,"Main-Sub communicated via port 51104 command メイン制御部⇒サブ制御部 0x00h with    FTP通信：許可   ステータス：通常(Busy)   現在系統番号：-1   現在駒番号：0   エラーコードメイン：0   エラーコード1：0   エラーコード2：0   エラーコード3：0   音声合成通信状態通知：正常   起動状態通知: 起動中   起動結果通知メイン：起動成功   起動結果通知1：起動成功   起動結果通知2：起動成功   起動結果通知3：起動成功   データ部：010030410000FFFFFFFF00000000000000000000000000000000000000000000000000000000000000"
2025-05-27 05:08:46.029,UPDATE_PROCEDURE,"handling received status By Comm Main-Sub"
2025-05-27 05:08:46.030,UPDATE_PROCEDURE,"①メイン制御器からFTPアクセス許可が来たタイミング"
2025-05-27 05:08:46.031,ThreadRecovery,"the total process time finished in 10ms"
2025-05-27 05:08:46.042,VehicleOperationData," Starting App with  運用モード名称: ２タッチ・全リーダー兼用 and 車両システム№: 55"
2025-05-27 05:08:46.845,UPDATE_PROCEDURE,"Active readers:[9, 10, -1, -1]"
2025-05-27 05:08:46.845,UPDATE_PROCEDURE,"getUpdatePackage & extractUpdatePackage round 1 finished"
2025-05-27 05:08:46.850,UPDATE_PROCEDURE,"Task ExtractUpdatePackage finished with result DONE"
2025-05-27 05:08:46.851,UPDATE_PROCEDURE,"Task ServeUpdatePackageFTP is starting..."
2025-05-27 05:08:46.852,UPDATE_PROCEDURE,"Performing onStarted event for ServeUpdatePackageFTP..."
2025-05-27 05:08:46.855,UPDATE_PROCEDURE,"Start ServeUpdatePackageFTP using thread pool 2/30"
2025-05-27 05:08:46.860,UPDATE_PROCEDURE,"Task GetUpdateFiles finished with result DONE"
2025-05-27 05:08:46.860,UPDATE_PROCEDURE,"Task ServeUpdatePackageFTP finished with result SKIPPED"
2025-05-27 05:08:46.861,UPDATE_PROCEDURE,"Task  is starting..."
2025-05-27 05:08:46.862,UPDATE_PROCEDURE,"Performing onStarted event for ..."
2025-05-27 05:08:46.862,UPDATE_PROCEDURE,"Start  using thread pool 2/30"
2025-05-27 05:08:46.870,UPDATE_PROCEDURE,"Task UpdateControllerApp is starting..."
2025-05-27 05:08:46.871,UPDATE_PROCEDURE,"Performing onStarted event for UpdateControllerApp..."
2025-05-27 05:08:46.872,UPDATE_PROCEDURE,"Start UpdateControllerApp using thread pool 1/30"
2025-05-27 05:08:46.873,UPDATE_PROCEDURE,"Controller app update starting..."
2025-05-27 05:08:46.875,UPDATE_PROCEDURE,"Manager app version = 343452"
2025-05-27 05:08:46.876,UPDATE_PROCEDURE,"System app version = 338612"
2025-05-27 05:08:46.877,UPDATE_PROCEDURE,"shouldUpdate(343452,/log/Server/download/app/11/LIVUManager/version.txt) ... "
2025-05-27 05:08:46.879,UPDATE_PROCEDURE,"compare current version (343452) vs available version (343450)"
2025-05-27 05:08:46.880,UPDATE_PROCEDURE,"shouldUpdate(338612,/log/Server/download/app/12/LIVUSystem/version.txt) ... "
2025-05-27 05:08:46.882,UPDATE_PROCEDURE,"compare current version (338612) vs available version (338612)"
2025-05-27 05:08:46.883,UPDATE_PROCEDURE,"checking version for LIVUManager, shouldPerformUpdate = false"
2025-05-27 05:08:46.890,UPDATE_PROCEDURE,"Task UpdateControllerApp finished with result SKIPPED"
2025-05-27 05:08:46.891,UPDATE_PROCEDURE,"Task UpdateReaderApp is starting..."
2025-05-27 05:08:46.892,UPDATE_PROCEDURE,"Performing onStarted event for UpdateReaderApp..."
2025-05-27 05:08:46.893,UPDATE_PROCEDURE,"Start UpdateReaderApp using thread pool 1/30"
2025-05-27 05:08:46.894,UPDATE_PROCEDURE,"start deploying new app... reader info [9, 10, -1, -1]"
2025-05-27 05:08:46.902,UPDATE_PROCEDURE,"maximum reader id 10"
2025-05-27 05:08:46.903,UPDATE_PROCEDURE,"app need deploying to reader 9 at 192.168.254.53"
2025-05-27 05:08:46.904,UPDATE_PROCEDURE,"app need deploying to reader 10 at 192.168.254.54"
2025-05-27 05:08:46.905,UPDATE_PROCEDURE,"deploy status = [SKIPPED, SKIPPED, SKIPPED, SKIPPED, SKIPPED, SKIPPED, SKIPPED, SKIPPED, SKIPPED, QUEUED, QUEUED]version check status = [SKIPPED, SKIPPED, SKIPPED, SKIPPED, SKIPPED, SKIPPED, SKIPPED, SKIPPED, SKIPPED, QUEUED, QUEUED]"
2025-05-27 05:08:46.906,Thread,"updating reader 9 running task at continueDeployApp, thread pool active count = 1/30"
2025-05-27 05:08:46.906,UPDATE_PROCEDURE,"trying to deploy to reader 9 at 192.168.254.53 1/10"
2025-05-27 05:08:46.909,UPDATE_PROCEDURE,"乗降リーダに対して「プログラム更新要求　94h」を送信するタイミング"
2025-05-27 05:08:46.909,TCP_PERIODIC,"Communicating to 192.168.254.53:51002 command 00 in Thread : Thread-49"
2025-05-27 05:08:46.911,TCP_PERIODIC,"Communicating to 192.168.254.53:51002 command 94 in Thread : Thread-7"
2025-05-27 05:08:46.920,TCP_PERIODIC,"successfully communicated with /192.168.254.53:51002"
2025-05-27 05:08:46.922,UPDATE_PROCEDURE,"reader 9 reporting in, mode IPL status MAYBE_OK"
2025-05-27 05:08:46.923,UPDATE_PROCEDURE,"reader 9 status changed CHECKING -> MAYBE_SKIP, temporarily mark as skipped for later consideration"
2025-05-27 05:08:46.934,TCP_PERIODIC,"successfully communicated with /192.168.254.53:51002"
2025-05-27 05:08:46.935,UPDATE_PROCEDURE,"reader 9 status changed MAYBE_SKIP -> COPYING, started an update"
2025-05-27 05:08:47.132,CONNECT_SERVER_SUB,"Server is waiting for handshaking with client at port 51104"
2025-05-27 05:08:47.276,UPDATE_PROCEDURE,"reader 10 reporting in, mode IPL status MAYBE_OK"
2025-05-27 05:08:47.868,TCP_PERIODIC,"Receive command error, 0 <- 192.168.254.53"
2025-05-27 05:08:47.913,Thread,"updating reader 9 running task at continueDeployApp, thread pool active count = 1/30"
2025-05-27 05:08:48.258,TCP_PERIODIC,"Preparing openned 192.168.254.53:51002"
2025-05-27 05:08:48.275,TCP_PERIODIC,"Openned socket /192.168.254.53:51002"
2025-05-27 05:08:48.314,UPDATE_PROCEDURE,"reader 9 reporting in, mode IPL status UPDATE_FINISHED"
2025-05-27 05:08:48.314,UPDATE_PROCEDURE,"reader 9 status changed COPYING -> DONE, update complete, starting..."
2025-05-27 05:08:48.315,UPDATE_PROCEDURE,"starting reader 9 ip = 192.168.254.53"
2025-05-27 05:08:48.315,Thread,"updating reader 10 running task at continueDeployApp, thread pool active count = 1/30"
2025-05-27 05:08:48.320,TCP_PERIODIC,"Communicating to 192.168.254.53:51002 command 92 in Thread : Thread-13"
2025-05-27 05:08:48.321,UPDATE_PROCEDURE,"trying to deploy to reader 10 at 192.168.254.54 1/10"
2025-05-27 05:08:48.322,TCP_PERIODIC,"Communicating to 192.168.254.54:51002 command 00 in Thread : Thread-13"
2025-05-27 05:08:48.322,UPDATE_PROCEDURE,"乗降リーダに対して「プログラム更新要求　94h」を送信するタイミング"
2025-05-27 05:08:48.323,TCP_PERIODIC,"Communicating to 192.168.254.54:51002 command 94 in Thread : Thread-26"
2025-05-27 05:08:48.331,TCP_PERIODIC,"successfully communicated with /192.168.254.53:51002"
2025-05-27 05:08:48.331,UPDATE_PROCEDURE,"reader 9 started, ip = 192.168.254.53, requesting reader version..."
2025-05-27 05:08:48.332,UPDATE_PROCEDURE,"requesting reader 9 app version, ip = 192.168.254.53"
2025-05-27 05:08:48.335,TCP_PERIODIC,"successfully communicated with /192.168.254.54:51002"
2025-05-27 05:08:48.344,TCP_PERIODIC,"successfully communicated with /192.168.254.54:51002"
2025-05-27 05:08:48.345,UPDATE_PROCEDURE,"reader 10 status changed CHECKING -> COPYING, started an update"
2025-05-27 05:08:48.860,TCP_PERIODIC,"Receive command error, 0 <- 192.168.254.53"
2025-05-27 05:08:48.914,Thread,"updating reader 9 running task at continueDeployApp, thread pool active count = 1/30"
2025-05-27 05:08:49.323,Thread,"updating reader 10 running task at continueDeployApp, thread pool active count = 1/30"
2025-05-27 05:08:49.824,UPDATE_PROCEDURE,"reader 10 reporting in, mode IPL status UPDATE_FINISHED"
2025-05-27 05:08:49.825,UPDATE_PROCEDURE,"reader 10 status changed COPYING -> DONE, update complete, starting..."
2025-05-27 05:08:49.825,UPDATE_PROCEDURE,"starting reader 10 ip = 192.168.254.54"
2025-05-27 05:08:49.828,TCP_PERIODIC,"Communicating to 192.168.254.54:51002 command 92 in Thread : Thread-28"
2025-05-27 05:08:49.835,TCP_PERIODIC,"successfully communicated with /192.168.254.54:51002"
2025-05-27 05:08:49.836,UPDATE_PROCEDURE,"reader 10 started, ip = 192.168.254.54, requesting reader version..."
2025-05-27 05:08:49.836,UPDATE_PROCEDURE,"requesting reader 10 app version, ip = 192.168.254.54"
2025-05-27 05:08:49.916,Thread,"updating reader 9 running task at continueDeployApp, thread pool active count = 1/30"
2025-05-27 05:08:50.325,Thread,"updating reader 10 running task at continueDeployApp, thread pool active count = 1/30"
2025-05-27 05:08:50.364,TCP_PERIODIC,"Receive command error, 0 <- 192.168.254.54"
2025-05-27 05:08:50.917,Thread,"updating reader 9 running task at continueDeployApp, thread pool active count = 1/30"
2025-05-27 05:08:51.327,Thread,"updating reader 10 running task at continueDeployApp, thread pool active count = 1/30"
2025-05-27 05:08:51.918,Thread,"updating reader 9 running task at continueDeployApp, thread pool active count = 1/30"
2025-05-27 05:08:52.259,TCP_PERIODIC,"Preparing openned 192.168.254.53:51002"
2025-05-27 05:08:52.263,TCP_PERIODIC,"Openned socket /192.168.254.53:51002"
2025-05-27 05:08:52.279,UPDATE_PROCEDURE,"reader 9 reporting in status 00, but mode is APL, treat this as a successful update, status changed DONE -> MAYBE_SKIP, update complete,　remove EC907x-0x if exists, starting..."
2025-05-27 05:08:52.280,UPDATE_PROCEDURE,"reader 9 started, ip = 192.168.254.53, requesting reader version..."
2025-05-27 05:08:52.281,UPDATE_PROCEDURE,"requesting reader 9 app version, ip = 192.168.254.53"
2025-05-27 05:08:52.328,Thread,"updating reader 10 running task at continueDeployApp, thread pool active count = 1/30"
2025-05-27 05:08:52.762,TCP_IMPL,"Server Socket opened for 192.168.254.53:52010"
2025-05-27 05:08:52.920,Thread,"updating reader 9 running task at continueDeployApp, thread pool active count = 1/30"
2025-05-27 05:08:53.329,Thread,"updating reader 10 running task at continueDeployApp, thread pool active count = 1/30"
2025-05-27 05:08:53.760,TCP_PERIODIC,"Preparing openned 192.168.254.54:51002"
2025-05-27 05:08:53.766,TCP_PERIODIC,"Openned socket /192.168.254.54:51002"
2025-05-27 05:08:53.778,UPDATE_PROCEDURE,"reader 10 reporting in status 00, but mode is APL, treat this as a successful update, status changed DONE -> MAYBE_SKIP, update complete,　remove EC907x-0x if exists, starting..."
2025-05-27 05:08:53.779,UPDATE_PROCEDURE,"reader 10 started, ip = 192.168.254.54, requesting reader version..."
2025-05-27 05:08:53.779,UPDATE_PROCEDURE,"requesting reader 10 app version, ip = 192.168.254.54"
2025-05-27 05:08:53.921,Thread,"updating reader 9 running task at continueDeployApp, thread pool active count = 1/30"
2025-05-27 05:08:54.263,TCP_IMPL,"Server Socket opened for 192.168.254.54:52011"
2025-05-27 05:08:54.331,Thread,"updating reader 10 running task at continueDeployApp, thread pool active count = 1/30"
2025-05-27 05:08:54.333,UPDATE_PROCEDURE,"reader 9 ip = 192.168.254.53 trying to get version 1/5"
2025-05-27 05:08:54.334,TCP_PERIODIC,"Communicating to 192.168.254.53:51002 command 90 in Thread : Thread-33"
2025-05-27 05:08:54.345,TCP_PERIODIC,"successfully communicated with /192.168.254.53:51002"
2025-05-27 05:08:54.346,UPDATE_PROCEDURE,"reader 9, ip = 192.168.254.53, IPL/APL/Display/Sound version = fe8512/fe8619/fe8713/fe8813"
2025-05-27 05:08:54.348,UPDATE_PROCEDURE,"deploy status = [SKIPPED, SKIPPED, SKIPPED, SKIPPED, SKIPPED, SKIPPED, SKIPPED, SKIPPED, SKIPPED, DONE, DONE]version check status = [SKIPPED, SKIPPED, SKIPPED, SKIPPED, SKIPPED, SKIPPED, SKIPPED, SKIPPED, SKIPPED, DONE, WORKING]"
2025-05-27 05:08:54.922,Thread,"updating reader 9 running task at continueDeployApp, thread pool active count = 1/30"
2025-05-27 05:08:55.332,Thread,"updating reader 10 running task at continueDeployApp, thread pool active count = 1/30"
2025-05-27 05:08:55.837,UPDATE_PROCEDURE,"reader 10 ip = 192.168.254.54 trying to get version 1/5"
2025-05-27 05:08:55.838,TCP_PERIODIC,"Communicating to 192.168.254.54:51002 command 90 in Thread : Thread-9"
2025-05-27 05:08:55.850,TCP_PERIODIC,"successfully communicated with /192.168.254.54:51002"
2025-05-27 05:08:55.851,UPDATE_PROCEDURE,"reader 10, ip = 192.168.254.54, IPL/APL/Display/Sound version = fe8512/fe8619/fe8713/fe8813"
2025-05-27 05:08:55.852,UPDATE_PROCEDURE,"update reader app finished, deploy status = [SKIPPED, SKIPPED, SKIPPED, SKIPPED, SKIPPED, SKIPPED, SKIPPED, SKIPPED, SKIPPED, DONE, DONE]version check status = [SKIPPED, SKIPPED, SKIPPED, SKIPPED, SKIPPED, SKIPPED, SKIPPED, SKIPPED, SKIPPED, DONE, DONE]"
2025-05-27 05:08:55.859,UPDATE_PROCEDURE,"remove EC907x-0x from reader 9 at 192.168.254.53"
2025-05-27 05:08:55.860,UPDATE_PROCEDURE,"remove EC907x-0x from reader 10 at 192.168.254.54"
2025-05-27 05:08:55.861,UPDATE_PROCEDURE,"Task UpdateReaderApp finished with result DONE"
2025-05-27 05:08:55.862,UPDATE_PROCEDURE,"Task UpdateSubboardApp is starting..."
2025-05-27 05:08:55.862,UPDATE_PROCEDURE,"Performing onStarted event for UpdateSubboardApp..."
2025-05-27 05:08:55.863,UPDATE_PROCEDURE,"Start UpdateSubboardApp using thread pool 1/30"
2025-05-27 05:08:55.864,UPDATE_PROCEDURE,"openning serial connection with subboard..."
2025-05-27 05:08:55.865,UPDATE_PROCEDURE,"openning new serial connection..."
2025-05-27 05:08:55.928,UPDATE_PROCEDURE,"shouldUpdate(FE8917,/log/Server/download/app/11/LIVUSub/version.txt) ... "
2025-05-27 05:08:55.930,UPDATE_PROCEDURE,"compare current version (fe8917) vs available version (fe8917)"
2025-05-27 05:08:55.930,UPDATE_PROCEDURE,"subboard doesn't need update"
2025-05-27 05:08:55.942,UPDATE_PROCEDURE,"get program mode return IPL"
2025-05-27 05:08:55.943,UPDATE_PROCEDURE,"try switching to APL, attempt 1"
2025-05-27 05:08:57.089,UPDATE_PROCEDURE,"get program mode return APL"
2025-05-27 05:08:57.103,UPDATE_PROCEDURE,"sub_board time, success = true"
2025-05-27 05:08:57.144,UPDATE_PROCEDURE,"subboard version (comspec/housou/IPL/APL) = 1//CD8010/FE8917"
2025-05-27 05:08:57.162,UPDATE_PROCEDURE,"Task UpdateSubboardApp finished with result SKIPPED"
2025-05-27 05:08:57.162,UPDATE_PROCEDURE,"Task  finished with result DONE"
2025-05-27 05:08:57.163,UPDATE_PROCEDURE,"Task CheckInternet is starting..."
2025-05-27 05:08:57.163,UPDATE_PROCEDURE,"Performing onStarted event for CheckInternet..."
2025-05-27 05:08:57.164,UPDATE_PROCEDURE,"Start CheckInternet using thread pool 1/30"
2025-05-27 05:08:57.250,LAQRA,"Requesting https://onboard.hiabt.click/dummy"
2025-05-27 05:08:57.384,LAQRA,"接続開始"
2025-05-27 05:08:57.647,LAQRA,"リクエスト書き込み開始"
2025-05-27 05:08:57.801,LAQRA,"レスポンス読み込み開始"
2025-05-27 05:08:57.806,LAQRA,"Request finished in 538ms: Response{protocol=h2, code=200, message=, url=https://onboard.hiabt.click/dummy}"
2025-05-27 05:08:57.807,UPDATE_PROCEDURE,"Task CheckInternet finished with result DONE"
2025-05-27 05:08:57.808,UPDATE_PROCEDURE,"Task DownloadAppList is starting..."
2025-05-27 05:08:57.808,UPDATE_PROCEDURE,"Performing onStarted event for DownloadAppList..."
2025-05-27 05:08:57.809,UPDATE_PROCEDURE,"Start DownloadAppList using thread pool 1/30"
2025-05-27 05:08:57.809,UPDATE_PROCEDURE,"getting app version list..."
2025-05-27 05:08:57.813,UPDATE_PROCEDURE,"sending app version list request..."
2025-05-27 05:08:57.817,LAQRA,"Requesting https://onboard.hiabt.click/api/v1/aplver with {_apiId_:_BWBA500N_,_businessType_:_00_,_requestId_:_0_,_vehicleInfo_:{_machineId_:_05202004_,_corporateCode_:_0101_,_officeCode_:_0041_,_machineCode_:_10_,_vehicleNumber_:_05202_},_applicationVerList_:[{_id_:_11_,_version_:_20250127_001_},{_id_:_12_,_version_:_20250127_001_},{_id_:_13_,_version_:_20250127_001_},{_id_:_14_,_version_:_20250127_001_},{_id_:_15_,_version_:_20250127_001_}]}"
2025-05-27 05:08:57.830,LAQRA,"リクエスト書き込み開始"
2025-05-27 05:08:58.019,LAQRA,"レスポンス読み込み開始"
2025-05-27 05:08:58.022,AccessTokenInterceptor,"Requesting https://hiabt-prd-onboard.auth.ap-northeast-1.amazoncognito.com/oauth2/token with grant_type=client_credentials&client_id: 05202004"
2025-05-27 05:08:58.384,ABTControllerManager,"Main-Sub communicated via port 51104, cmd 0, data 010130410000000001F400000000000000000000000000000000000000000000000000000100000000"
2025-05-27 05:08:58.389,ABTControllerManager,"Main-Sub communicated via port 51104 command メイン制御部⇒サブ制御部 0x00h with    FTP通信：許可   ステータス：通常(Ready)   現在系統番号：500   現在駒番号：0   エラーコードメイン：0   エラーコード1：0   エラーコード2：0   エラーコード3：0   音声合成通信状態通知：正常   起動状態通知: 起動完了   起動結果通知メイン：起動成功   起動結果通知1：起動成功   起動結果通知2：起動成功   起動結果通知3：起動成功   データ部：010130410000000001F400000000000000000000000000000000000000000000000000000100000000"
2025-05-27 05:08:58.390,UPDATE_PROCEDURE,"handling received status By Comm Main-Sub"
2025-05-27 05:08:58.390,UPDATE_PROCEDURE,"①メイン制御器からFTPアクセス許可が来たタイミング"
2025-05-27 05:08:58.392,ErrorManager,"データベースに 【EC9999-0】 がクリアされた"
2025-05-27 05:08:58.394,ThreadRecovery,"the total process time finished in 12ms"
2025-05-27 05:08:58.616,AccessTokenInterceptor,"new token: eyJraWQiOiJEUDU0M1lySG9CbjZUVFl4cGJVc0hCcDJ2cVpoWkFMXC8yWVZnUWhwa0xrRT0iLCJhbGciOiJSUzI1NiJ9.eyJzdWIiOiI1ZmtpbzM2YjRra2xsYzNianNiNTJucW91ayIsInRva2VuX3VzZSI6ImFjY2VzcyIsInNjb3BlIjoicHJkb25ib2FyZFwvcHJkb25ib2FyZCIsImF1dGhfdGltZSI6MTc0ODI5MDEzOCwiaXNzIjoiaHR0cHM6XC9cL2NvZ25pdG8taWRwLmFwLW5vcnRoZWFzdC0xLmFtYXpvbmF3cy5jb21cL2FwLW5vcnRoZWFzdC0xX2VyTFhDbEVTZSIsImV4cCI6MTc0ODM3NjUzOCwiaWF0IjoxNzQ4MjkwMTM4LCJ2ZXJzaW9uIjoyLCJqdGkiOiI0MTJjNzJjYS1lNDAxLTQ0NDctODYxNC1iM2EwN2M0NTFkMDIiLCJjbGllbnRfaWQiOiI1ZmtpbzM2YjRra2xsYzNianNiNTJucW91ayJ9.TFB9YyNDZUHilOH1BdBK6h2SF0lhNVyS858ZfXGx1CqDcW36eKEo_L6H6uX3eJ22D0dYz6yPmOoM4jDxLgySeq_dBNfpr0WJ-9leBdpWqCP9pEzCaOIAbb2kcGI8ibRro343OQ-R9vfFGDYex94Mm6uFExYB3WeNshDIizYIIaoAZzjw4dqzNTF55QOTZUp5SaF2UvpfIhvu0f_cw9gBehJt_YHn9cMd8CKxgFRmvREUO8H6fcCR4abln7jTO1zKqSq0-lpbl9bvLv3GWUTjRHyDSPfFFgUUJ8uXrs93STWExW_R0bk6dNTR2EAi-l3KY7G968_OtpcODcIfa17pTg"
2025-05-27 05:08:58.651,LAQRA,"リクエスト書き込み開始"
2025-05-27 05:08:58.803,LAQRA,"レスポンス読み込み開始"
2025-05-27 05:08:58.809,LAQRA,"Request finished in 991ms: Response{protocol=h2, code=200, message=, url=https://onboard.hiabt.click/api/v1/aplver}"
2025-05-27 05:08:58.810,LAQRA,"Received {_resultCode_:_0000_,_resultDetailCode_:_9200_,_outputApplicationVerList_:[]}"
2025-05-27 05:08:58.811,UPDATE_PROCEDURE,"Task DownloadAppList finished with result DONE"
2025-05-27 05:08:58.812,UPDATE_PROCEDURE,"Task DownloadMasterList is starting..."
2025-05-27 05:08:58.812,UPDATE_PROCEDURE,"Performing onStarted event for DownloadMasterList..."
2025-05-27 05:08:58.813,UPDATE_PROCEDURE,"Start DownloadMasterList using thread pool 1/30"
2025-05-27 05:08:58.813,UPDATE_PROCEDURE,"getting master version list..."
2025-05-27 05:08:58.818,LAQRA,"Requesting https://onboard.hiabt.click/api/v1/masterver with {_apiId_:_BWBA400N_,_businessType_:_00_,_requestId_:_0_,_vehicleInfo_:{_machineId_:_05202004_,_corporateCode_:_0101_,_officeCode_:_0041_,_machineCode_:_10_,_vehicleNumber_:_05202_},_masterVerList_:[{_id_:_01_,_version_:_20240823_001_},{_id_:_02_,_version_:_20240823_001_},{_id_:_03_,_version_:_20250330_001_},{_id_:_04_,_version_:_20250127_001_},{_id_:_05_,_version_:_20240823_001_}]}"
2025-05-27 05:08:58.831,LAQRA,"リクエスト書き込み開始"
2025-05-27 05:08:58.983,LAQRA,"レスポンス読み込み開始"
2025-05-27 05:08:58.986,LAQRA,"Request finished in 165ms: Response{protocol=h2, code=200, message=, url=https://onboard.hiabt.click/api/v1/masterver}"
2025-05-27 05:08:58.987,LAQRA,"Requested https://onboard.hiabt.click/api/v1/masterver returned {_resultCode_:_0000_,_resultDetailCode_:_9100_,_outputMasterVerList_:[]}"
2025-05-27 05:08:58.988,UPDATE_PROCEDURE,"write version meta data to files with result: DONE"
2025-05-27 05:08:58.991,MasterPackageRepository,"Found valid master package name: 01_0101_20240823_001, current package name is 01_0101_20240823_001"
2025-05-27 05:08:58.991,MasterPackageRepository,"Found valid master package name: 02_0101_20240823_001, current package name is 02_0101_20240823_001"
2025-05-27 05:08:58.992,MasterPackageRepository,"Found valid master package name: 03_0101_20250330_001, current package name is 03_0101_20250330_001"
2025-05-27 05:08:58.993,MasterPackageRepository,"Found valid master package name: 04_0101_20250127_001, current package name is 04_0101_20250127_001"
2025-05-27 05:08:58.993,MasterPackageRepository,"Found valid master package name: 05_0101_20240823_001, current package name is 05_0101_20240823_001"
2025-05-27 05:08:59.000,SoftwarePackageRepository,"Found valid software package name: 11_0101_20250127_001, current package name is 11_0101_20250127_001"
2025-05-27 05:08:59.001,SoftwarePackageRepository,"Found valid software package name: 12_0101_20250127_001, current package name is 12_0101_20250127_001"
2025-05-27 05:08:59.002,SoftwarePackageRepository,"Found valid software package name: 13_0101_20250127_001, current package name is 13_0101_20250127_001"
2025-05-27 05:08:59.003,SoftwarePackageRepository,"Found valid software package name: 14_0101_20250127_001, current package name is 14_0101_20250127_001"
2025-05-27 05:08:59.003,SoftwarePackageRepository,"Found valid software package name: 15_0101_20250127_001, current package name is 15_0101_20250127_001"
2025-05-27 05:08:59.010,UPDATE_PROCEDURE,"Task SyncTime is starting..."
2025-05-27 05:08:59.011,UPDATE_PROCEDURE,"Performing onStarted event for SyncTime..."
2025-05-27 05:08:59.011,UPDATE_PROCEDURE,"Start SyncTime using thread pool 1/30"
2025-05-27 05:08:59.014,UPDATE_PROCEDURE,"Task RecoverReader is starting..."
2025-05-27 05:08:59.015,UPDATE_PROCEDURE,"Performing onStarted event for RecoverReader..."
2025-05-27 05:08:59.016,UPDATE_PROCEDURE,"Start RecoverReader using thread pool 2/30"
2025-05-27 05:08:59.019,UPDATE_PROCEDURE,"getUpdateFiles:  DONE"
2025-05-27 05:08:59.019,UPDATE_PROCEDURE,"controllerApp:  SKIPPED"
2025-05-27 05:08:59.020,UPDATE_PROCEDURE,"subboardApp:  SKIPPED"
2025-05-27 05:08:59.021,UPDATE_PROCEDURE,"readerApp:  DONE"
2025-05-27 05:08:59.021,UPDATE_PROCEDURE,"checkInternet:  DONE"
2025-05-27 05:08:59.028,UPDATE_PROCEDURE,"reportDownloadedApp:  DONE"
2025-05-27 05:08:59.028,UPDATE_PROCEDURE,"reportDownloadedMaster:  DONE"
2025-05-27 05:08:59.031,UPDATE_PROCEDURE,"system update check finished in 60293ms"
2025-05-27 05:08:59.031,LAQRA,"Requesting https://onboard.hiabt.click/api/v1/geturl with {_apiId_:_BWBA600N_,_businessType_:_00_,_requestId_:_0_,_vehicleInfo_:{_machineId_:_05202004_,_corporateCode_:_0101_,_officeCode_:_0041_,_machineCode_:_10_,_vehicleNumber_:_05202_}}"
2025-05-27 05:08:59.034,UPDATE_PROCEDURE,"Success. No Retry, clear error ERROR_SUB_CONTROLLER_3_OVER_RETRY"
2025-05-27 05:08:59.035,FRAMManager,"FRAMから必要な情報を取得している。"
2025-05-27 05:08:59.040,UPDATE_PROCEDURE,"Task DownloadMasterList finished with result DONE"
2025-05-27 05:08:59.047,LAQRA,"リクエスト書き込み開始"
2025-05-27 05:08:59.076,FRAMManager,"FRAMから系統・駒番号固定取得が完了しました。系統・駒番号固定:　false"
2025-05-27 05:08:59.078,FRAMManager,"FRAMから必要な情報取得が完了しました。"
2025-05-27 05:08:59.085,LAQRA,"Process App Status: ACTIVE"
2025-05-27 05:08:59.092,TCP_CMD10H,"COMMAND 10H DATA ----------------------->>>>> : address 192.168.254.53 Reader Screen Number: 1C	data　section: 0101000000000000000000000000001C1C0000FFFFFF000000FFFF000000000000FFFFFFFFFFFF000000FFFFFFFFFFFF0000000251528352815B836882F082A982B482B582C482AD82BE82B382A281420D0A000000000000000000000000000000000000000000000000000000000000000000000000 Timeout: 0000"
2025-05-27 05:08:59.093,TCP_PERIODIC,"Communicating to 192.168.254.53:51002 command 10 in Thread : Thread-38"
2025-05-27 05:08:59.095,BrightnessController,"Got message from the Broadcast of Brightness Controller with message: CHANGE_BRIGHTNESS_BY_DOOR_SIGNAL"
2025-05-27 05:08:59.100,TCP_CMD10H,"COMMAND 10H DATA ----------------------->>>>> : address 192.168.254.54 Reader Screen Number: 1F	data　section: 0000000000000000000000000000001F1F0000FFFFFF000000FFFF000000000000FFFFFFFFFFFF000000FFFFFFFFFFFF000000000D0A00000000000000000000000000000000000000000000000000000000000000000000000000000000000000000000000000000000000000000000000000000000 Timeout: 0000"
2025-05-27 05:08:59.101,TCP_PERIODIC,"Communicating to 192.168.254.54:51002 command 10 in Thread : Thread-38"
2025-05-27 05:08:59.113,TCP_CMD10H,"COMMAND 10H DATA ----------------------->>>>> : address 192.168.254.53 Reader Screen Number: 1F	data　section: 0000000000000000000000000000001F1F0000FFFFFF000000FFFF000000000000FFFFFFFFFFFF000000FFFFFFFFFFFF000000000D0A00000000000000000000000000000000000000000000000000000000000000000000000000000000000000000000000000000000000000000000000000000000 Timeout: 0000"
2025-05-27 05:08:59.117,TCP_PERIODIC,"Communicating to 192.168.254.53:51002 command 10 in Thread : Thread-10"
2025-05-27 05:08:59.122,TCP_PERIODIC,"successfully communicated with /192.168.254.53:51002"
2025-05-27 05:08:59.126,TCP_PERIODIC,"successfully communicated with /192.168.254.54:51002"
2025-05-27 05:08:59.128,TCP_CMD10H,"COMMAND 10H DATA ----------------------->>>>> : address 192.168.254.54 Reader Screen Number: 1F	data　section: 0000000000000000000000000000001F1F0000FFFFFF000000FFFF000000000000FFFFFFFFFFFF000000FFFFFFFFFFFF000000000D0A00000000000000000000000000000000000000000000000000000000000000000000000000000000000000000000000000000000000000000000000000000000 Timeout: 0000"
2025-05-27 05:08:59.129,TCP_PERIODIC,"Communicating to 192.168.254.54:51002 command 10 in Thread : Thread-10"
2025-05-27 05:08:59.135,TCP_CMD10H,"COMMAND 10H DATA ----------------------->>>>> : address 192.168.254.53 Reader Screen Number: 1F	data　section: 0000000000000000000000000000001F1F00FFFFFFFF000000FFFF000000000000FFFFFFFFFFFF000000FFFFFFFFFFFF000000000D0A00000000000000000000000000000000000000000000000000000000000000000000000000000000000000000000000000000000000000000000000000000000 Timeout: 0000"
2025-05-27 05:08:59.137,TCP_PERIODIC,"Communicating to 192.168.254.53:51002 command 10 in Thread : Thread-39"
2025-05-27 05:08:59.137,ReaderDoorRequestController,"request is ready to start with readerLocation: 0   doorStatus: 00"
2025-05-27 05:08:59.141,ReaderDoorRequestController,"Door Status is CLOSE"
2025-05-27 05:08:59.141,ReaderDoorRequestController,"Door Handler is running with delay 5s"
2025-05-27 05:08:59.141,TCP_CMD10H,"COMMAND 10H DATA ----------------------->>>>> : address 192.168.254.54 Reader Screen Number: 1F	data　section: 0000000000000000000000000000001F1F00FFFFFFFF000000FFFF000000000000FFFFFFFFFFFF000000FFFFFFFFFFFF000000000D0A00000000000000000000000000000000000000000000000000000000000000000000000000000000000000000000000000000000000000000000000000000000 Timeout: 0000"
2025-05-27 05:08:59.142,ReaderDoorRequestController,"request is ready to start with readerLocation: 1   doorStatus: 00"
2025-05-27 05:08:59.142,TCP_PERIODIC,"Communicating to 192.168.254.54:51002 command 10 in Thread : Thread-39"
2025-05-27 05:08:59.142,ReaderDoorRequestController,"Door Status is CLOSE"
2025-05-27 05:08:59.143,ReaderDoorRequestController,"Door Handler is running with delay 5s"
2025-05-27 05:08:59.146,UPDATE_PROCEDURE,"Task UpdateProcedure finished with result DONE"
2025-05-27 05:08:59.163,SYNC_TIME,"Time from time.aws.com: Tue May 27 05:08:59 GMT+09:00 2025"
2025-05-27 05:08:59.175,TCP_PERIODIC,"successfully communicated with /192.168.254.54:51002"
2025-05-27 05:08:59.179,SubBoardPollingThread,"Start sub-board polling thread"
2025-05-27 05:08:59.185,UPDATE_PROCEDURE,"Task SyncTime finished with result DONE"
2025-05-27 05:08:59.201,LAQRA,"レスポンス読み込み開始"
2025-05-27 05:08:59.206,LAQRA,"Request finished in 175ms: Response{protocol=h2, code=200, message=, url=https://onboard.hiabt.click/api/v1/geturl}"
2025-05-27 05:08:59.208,LAQRA,"Received {_resultCode_:_0000_,_resultDetailCode_:_9300_,_uploadUrl_:{_uploadUrl_:_https://prd-s3-hiabt-onboard-file-share.s3.ap-northeast-1.amazonaws.com/0101/0041/05202/log_20250527_050859_05202_004.tar.gz?X-Amz-Algorithm=AWS4-HMAC-SHA256&X-Amz-Date=20250526T200859Z&X-Amz-SignedHeaders=content-type%3Bhost&X-Amz-Expires=3600&X-Amz-Credential=AKIAX3NXKWZ6EILAYREU%2F20250526%2Fap-northeast-1%2Fs3%2Faws4_request&X-Amz-Signature=da503810b5c9cbdc767dfec420185b094a9fc1e8f1027d29f39b513d9fae0a41_}}"
2025-05-27 05:08:59.209,LAQRA,"resultCode: 0000,resultDetailCode: 9300,url: https://prd-s3-hiabt-onboard-file-share.s3.ap-northeast-1.amazonaws.com/0101/0041/05202/log_20250527_050859_05202_004.tar.gz?X-Amz-Algorithm=AWS4-HMAC-SHA256&X-Amz-Date=20250526T200859Z&X-Amz-SignedHeaders=content-type%3Bhost&X-Amz-Expires=3600&X-Amz-Credential=AKIAX3NXKWZ6EILAYREU%2F20250526%2Fap-northeast-1%2Fs3%2Faws4_request&X-Amz-Signature=da503810b5c9cbdc767dfec420185b094a9fc1e8f1027d29f39b513d9fae0a41,"
2025-05-27 05:08:59.209,TCP_PERIODIC,"successfully communicated with /192.168.254.53:51002"
