2025-05-15 04:45:30.146,PAYMENT,"Send request to show door close screen"
2025-05-15 04:45:30.147,PAYMENT,"Send request to show door close screen"
2025-05-15 04:45:30.151,TCP_CMD10H,"COMMAND 10H DATA ----------------------->>>>> : address 192.168.254.47 Reader Screen Number: 1F	data　section: 0000000000000000000000000000001F1F63FFFFFFFF000000FFFF000000000000FFFFFFFFFFFF000000FFFFFFFFFFFF000000000D0A00000000000000000000000000000000000000000000000000000000000000000000000000000000000000000000000000000000000000000000000000000000 Timeout: 0000"
2025-05-15 04:45:30.152,ReaderRequestController,"Send to reader with the command of screen number: 1F done   "
2025-05-15 04:45:30.152,TCP_PERIODIC,"Communicating to 192.168.254.47:51002 command 10 in Thread : Thread-41"
2025-05-15 04:45:30.156,TCP_CMD10H,"COMMAND 10H DATA ----------------------->>>>> : address 192.168.254.48 Reader Screen Number: 1F	data　section: 0000000000000000000000000000001F1F63FFFFFFFF000000FFFF000000000000FFFFFFFFFFFF000000FFFFFFFFFFFF000000000D0A00000000000000000000000000000000000000000000000000000000000000000000000000000000000000000000000000000000000000000000000000000000 Timeout: 0000"
2025-05-15 04:45:30.158,TCP_PERIODIC,"Communicating to 192.168.254.48:51002 command 10 in Thread : Thread-41"
2025-05-15 04:45:30.158,ReaderRequestController,"Send to reader with the command of screen number: 1F done   "
2025-05-15 04:45:30.161,TCP_PERIODIC,"successfully communicated with /192.168.254.47:51002"
2025-05-15 04:45:30.165,TCP_PERIODIC,"successfully communicated with /192.168.254.48:51002"
2025-05-15 05:56:09.073,ABTControllerManager,"Main-Sub communicated via port 51102, cmd 16, data 3042000000000408"
2025-05-15 05:56:09.075,ABTControllerManager,"Main-Sub communicated via port 51102 command from Main Controller  メイン制御部⇒サブ制御部 0x10h with 系統番号： 1032 データ部：3042000000000408"
2025-05-15 05:56:09.079,FirstDateCreator,"receivedTime is set at : 5:56:9"
2025-05-15 05:56:09.087,ABTControllerManager,"系統番号:  1032 exists in master. Update UI and send command to サブ基盤 to save 系統番号"
2025-05-15 05:56:09.087,TCP_CMD10H,"COMMAND 10H DATA ----------------------->>>>> : address 192.168.254.47 Reader Screen Number: 1F	data　section: 0000000000000000000000000000001F1F140eFFFFFF000000FFFF000000000000FFFFFFFFFFFF000000FFFFFFFFFFFF000000000D0A00000000000000000000000000000000000000000000000000000000000000000000000000000000000000000000000000000000000000000000000000000000 Timeout: 0000"
2025-05-15 05:56:09.088,TCP_PERIODIC,"Communicating to 192.168.254.47:51002 command 10 in Thread : Thread-8"
2025-05-15 05:56:09.088,ThreadRecovery,"the total process time finished in 16ms"
2025-05-15 05:56:09.098,TCP_PERIODIC,"successfully communicated with /192.168.254.47:51002"
2025-05-15 05:56:09.100,TCP_CMD10H,"COMMAND 10H DATA ----------------------->>>>> : address 192.168.254.48 Reader Screen Number: 1F	data　section: 0000000000000000000000000000001F1F140eFFFFFF000000FFFF000000000000FFFFFFFFFFFF000000FFFFFFFFFFFF000000000D0A00000000000000000000000000000000000000000000000000000000000000000000000000000000000000000000000000000000000000000000000000000000 Timeout: 0000"
2025-05-15 05:56:09.101,TCP_PERIODIC,"Communicating to 192.168.254.48:51002 command 10 in Thread : Thread-8"
2025-05-15 05:56:09.109,TCP_PERIODIC,"successfully communicated with /192.168.254.48:51002"
2025-05-15 05:56:11.601,ABTControllerManager,"Main-Sub communicated via port 51102, cmd 0, data 0101304100000000040800000000000000000000000000000000000000000000000000000100000000"
2025-05-15 05:56:11.604,ABTControllerManager,"Main-Sub communicated via port 51102 command メイン制御部⇒サブ制御部 0x00h with    FTP通信：許可   ステータス：通常(Ready)   現在系統番号：1032   現在駒番号：0   エラーコードメイン：0   エラーコード1：0   エラーコード2：0   エラーコード3：0   音声合成通信状態通知：正常   起動状態通知: 起動完了   起動結果通知メイン：起動成功   起動結果通知1：起動成功   起動結果通知2：起動成功   起動結果通知3：起動成功   データ部：0101304100000000040800000000000000000000000000000000000000000000000000000100000000"
2025-05-15 05:56:11.605,UPDATE_PROCEDURE,"handling received status By Comm Main-Sub"
2025-05-15 05:56:11.605,UPDATE_PROCEDURE,"①メイン制御器からFTPアクセス許可が来たタイミング"
2025-05-15 05:56:11.606,ThreadRecovery,"the total process time finished in 10ms"
2025-05-15 05:56:41.564,ReaderDoorRequestController,"request is ready to start with readerLocation: 1   doorStatus: 01"
2025-05-15 05:56:41.565,ReaderDoorRequestController,"Door Status is OPEN"
2025-05-15 05:56:41.566,ReaderDoorRequestController,"Sending dummy API.... after open_door task run done"
2025-05-15 05:56:41.567,ReaderDoorRequestController,"Send request to show door open screen"
2025-05-15 05:56:41.573,LAQRA,"Requesting https://onboard.hiabt.click/dummy"
2025-05-15 05:56:41.574,TCP_CMD10H,"COMMAND 10H DATA ----------------------->>>>> : address 192.168.254.48 Reader Screen Number: 1C	data　section: 0101000000000000000000000000001C1C1414FFFFFF000000FFFF000000000000FFFFFFFFFFFF000000FFFFFFFFFFFF0000000251528352815B836882F082A982B482B582C482AD82BE82B382A281420D0A000000000000000000000000000000000000000000000000000000000000000000000000 Timeout: 0000"
2025-05-15 05:56:41.575,TCP_PERIODIC,"Communicating to 192.168.254.48:51002 command 10 in Thread : Thread-10"
2025-05-15 05:56:41.577,ReaderRequestController,"Send to reader with the command of screen number: 1C done   "
2025-05-15 05:56:41.584,TCP_PERIODIC,"successfully communicated with /192.168.254.48:51002"
2025-05-15 05:56:42.958,LAQRA,"接続開始"
2025-05-15 05:56:43.165,LAQRA,"リクエスト書き込み開始"
2025-05-15 05:56:43.301,LAQRA,"レスポンス読み込み開始"
2025-05-15 05:56:43.308,LAQRA,"Request finished in 1733ms: Response{protocol=h2, code=200, message=, url=https://onboard.hiabt.click/dummy}"
2025-05-15 05:56:43.308,ReaderDoorRequestController,"Send dummy API done from address  192.168.254.48"
2025-05-15 05:57:02.557,ReaderDoorRequestController,"request is ready to start with readerLocation: 1   doorStatus: 00"
2025-05-15 05:57:02.558,ReaderDoorRequestController,"Door Status is CLOSE"
2025-05-15 05:57:02.559,ReaderDoorRequestController,"Door Handler is running with delay 5s"
2025-05-15 05:57:04.249,ABTControllerManager,"Main-Sub communicated via port 51102, cmd 32, data 0103"
2025-05-15 05:57:04.250,ABTControllerManager,"Main-Sub communicated via port 51102 command メイン制御部⇒サブ制御部 0x20h with 駒番号：1   運用モード：3   現在の運用モード：3   データ部：0103. Update UI and send command to サブ基盤 to save 駒番号"
2025-05-15 05:57:04.251,ROUTE_DATA,"setStopSequence(1) ->  ticket number: 22 sequence name: [0022]福島町 next route: -1 route: 1032"
2025-05-15 05:57:04.264,TCP_CMD10H,"COMMAND 10H DATA ----------------------->>>>> : address 192.168.254.47 Reader Screen Number: 1F	data　section: 0000000000000000000000000000001F1F1610FFFFFF000000FFFF000000000000FFFFFFFFFFFF000000FFFFFFFFFFFF000000000D0A00000000000000000000000000000000000000000000000000000000000000000000000000000000000000000000000000000000000000000000000000000000 Timeout: 0000"
2025-05-15 05:57:04.264,VehicleOperationData,"The user selected　運用モード設定　with 運用モード名称: ２タッチ・全リーダー兼用 and 車両システム№: 50"
2025-05-15 05:57:04.265,TCP_PERIODIC,"Communicating to 192.168.254.47:51002 command 10 in Thread : Thread-36"
2025-05-15 05:57:04.272,TCP_CMD10H,"COMMAND 10H DATA ----------------------->>>>> : address 192.168.254.48 Reader Screen Number: 1F	data　section: 0000000000000000000000000000001F1F1610FFFFFF000000FFFF000000000000FFFFFFFFFFFF000000FFFFFFFFFFFF000000000D0A00000000000000000000000000000000000000000000000000000000000000000000000000000000000000000000000000000000000000000000000000000000 Timeout: 0000"
2025-05-15 05:57:04.273,TCP_PERIODIC,"Communicating to 192.168.254.48:51002 command 10 in Thread : Thread-5"
2025-05-15 05:57:04.275,ThreadRecovery,"the total process time finished in 26ms"
2025-05-15 05:57:04.284,TCP_PERIODIC,"successfully communicated with /192.168.254.47:51002"
2025-05-15 05:57:04.291,TCP_PERIODIC,"successfully communicated with /192.168.254.48:51002"
2025-05-15 05:57:06.782,ABTControllerManager,"Main-Sub communicated via port 51102, cmd 0, data 0101304100000000040801000000000000000000000000000000000000000000000000000100000000"
2025-05-15 05:57:06.786,ABTControllerManager,"Main-Sub communicated via port 51102 command メイン制御部⇒サブ制御部 0x00h with    FTP通信：許可   ステータス：通常(Ready)   現在系統番号：1032   現在駒番号：1   エラーコードメイン：0   エラーコード1：0   エラーコード2：0   エラーコード3：0   音声合成通信状態通知：正常   起動状態通知: 起動完了   起動結果通知メイン：起動成功   起動結果通知1：起動成功   起動結果通知2：起動成功   起動結果通知3：起動成功   データ部：0101304100000000040801000000000000000000000000000000000000000000000000000100000000"
2025-05-15 05:57:06.787,UPDATE_PROCEDURE,"handling received status By Comm Main-Sub"
2025-05-15 05:57:06.787,UPDATE_PROCEDURE,"①メイン制御器からFTPアクセス許可が来たタイミング"
2025-05-15 05:57:06.788,ThreadRecovery,"the total process time finished in 9ms"
2025-05-15 05:57:07.561,PAYMENT,"Send request to show door close screen"
2025-05-15 05:57:07.566,TCP_CMD10H,"COMMAND 10H DATA ----------------------->>>>> : address 192.168.254.48 Reader Screen Number: 1F	data　section: 0000000000000000000000000000001F1F16FFFFFFFF000000FFFF000000000000FFFFFFFFFFFF000000FFFFFFFFFFFF000000000D0A00000000000000000000000000000000000000000000000000000000000000000000000000000000000000000000000000000000000000000000000000000000 Timeout: 0000"
2025-05-15 05:57:07.566,TCP_PERIODIC,"Communicating to 192.168.254.48:51002 command 10 in Thread : Thread-3"
2025-05-15 05:57:07.566,ReaderRequestController,"Send to reader with the command of screen number: 1F done   "
2025-05-15 05:57:07.586,TCP_PERIODIC,"successfully communicated with /192.168.254.48:51002"
2025-05-15 05:57:24.550,ScreenControlManager,"外部入力3PIN：運転台信号 is received with status true"
2025-05-15 05:57:24.550,BrightnessController,"Got message from the Broadcast of Brightness Controller with message: CHANGE_BRIGHTNESS_BY_CAB_STATE_SIGNAL"
2025-05-15 05:57:24.551,BrightnessController,"Window of app will clear FLAG_NOT_TOUCHABLE flag. Enable Touch in Screen ...."
2025-05-15 05:57:24.553,BrightnessController,"待機画面 will be shown ...."
2025-05-15 05:57:25.557,LAQRA,"Process App Status: ACTIVE"
2025-05-15 05:57:25.562,BrightnessController,"Got message from the Broadcast of Brightness Controller with message: CHANGE_BRIGHTNESS_BY_DOOR_SIGNAL"
2025-05-15 05:57:25.564,TCP_CMD10H,"COMMAND 10H DATA ----------------------->>>>> : address 192.168.254.47 Reader Screen Number: 1F	data　section: 0000000000000000000000000000001F1F16FFFFFFFF000000FFFF000000000000FFFFFFFFFFFF000000FFFFFFFFFFFF000000000D0A00000000000000000000000000000000000000000000000000000000000000000000000000000000000000000000000000000000000000000000000000000000 Timeout: 0000"
2025-05-15 05:57:25.569,TCP_PERIODIC,"Communicating to 192.168.254.47:51002 command 10 in Thread : Thread-33"
2025-05-15 05:57:25.581,TCP_PERIODIC,"successfully communicated with /192.168.254.47:51002"
2025-05-15 05:57:27.747,ScreenControlManager,"外部入力1PIN：扉信号 is received with status true setting value: Hi"
2025-05-15 05:57:27.747,BrightnessController,"Got message from the Broadcast of Brightness Controller with message: CHANGE_BRIGHTNESS_BY_DOOR_SIGNAL"
2025-05-15 05:57:28.059,ReaderDoorRequestController,"request is ready to start with readerLocation: 0   doorStatus: 01"
2025-05-15 05:57:28.060,ReaderDoorRequestController,"Door Status is OPEN"
2025-05-15 05:57:28.060,ReaderDoorRequestController,"request is ready to start with readerLocation: 1   doorStatus: 01"
2025-05-15 05:57:28.060,ReaderDoorRequestController,"Sending dummy API.... after open_door task run done"
2025-05-15 05:57:28.061,ReaderDoorRequestController,"Door Status is OPEN"
2025-05-15 05:57:28.061,LAQRA,"Requesting https://onboard.hiabt.click/dummy"
2025-05-15 05:57:28.062,ReaderDoorRequestController,"Send request to show door open screen"
2025-05-15 05:57:28.063,ReaderDoorRequestController,"Sending dummy API.... after open_door task run done"
2025-05-15 05:57:28.063,ReaderDoorRequestController,"Send request to show door open screen"
2025-05-15 05:57:28.068,LAQRA,"Requesting https://onboard.hiabt.click/dummy"
2025-05-15 05:57:28.068,TCP_CMD10H,"COMMAND 10H DATA ----------------------->>>>> : address 192.168.254.47 Reader Screen Number: 1C	data　section: 0101000000000000000000000000001C1C1616FFFFFF000000FFFF000000000000FFFFFFFFFFFF000000FFFFFFFFFFFF0000000251528352815B836882F082A982B482B582C482AD82BE82B382A281420D0A000000000000000000000000000000000000000000000000000000000000000000000000 Timeout: 0000"
2025-05-15 05:57:28.069,TCP_PERIODIC,"Communicating to 192.168.254.47:51002 command 10 in Thread : Thread-36"
2025-05-15 05:57:28.071,ReaderRequestController,"Send to reader with the command of screen number: 1C done   "
2025-05-15 05:57:28.074,LAQRA,"リクエスト書き込み開始"
2025-05-15 05:57:28.078,TCP_PERIODIC,"successfully communicated with /192.168.254.47:51002"
2025-05-15 05:57:28.085,TCP_CMD10H,"COMMAND 10H DATA ----------------------->>>>> : address 192.168.254.48 Reader Screen Number: 1C	data　section: 0101000000000000000000000000001C1C1616FFFFFF000000FFFF000000000000FFFFFFFFFFFF000000FFFFFFFFFFFF0000000251528352815B836882F082A982B482B582C482AD82BE82B382A281420D0A000000000000000000000000000000000000000000000000000000000000000000000000 Timeout: 0000"
2025-05-15 05:57:28.085,ReaderRequestController,"Send to reader with the command of screen number: 1C done   "
2025-05-15 05:57:28.086,TCP_PERIODIC,"Communicating to 192.168.254.48:51002 command 10 in Thread : Thread-5"
2025-05-15 05:57:28.086,LAQRA,"リクエスト書き込み開始"
2025-05-15 05:57:28.097,TCP_PERIODIC,"successfully communicated with /192.168.254.48:51002"
2025-05-15 05:57:28.347,LAQRA,"レスポンス読み込み開始"
2025-05-15 05:57:28.352,LAQRA,"Request finished in 287ms: Response{protocol=h2, code=200, message=, url=https://onboard.hiabt.click/dummy}"
2025-05-15 05:57:28.352,ReaderDoorRequestController,"Send dummy API done from address  192.168.254.47"
2025-05-15 05:57:28.447,LAQRA,"レスポンス読み込み開始"
2025-05-15 05:57:28.451,LAQRA,"Request finished in 381ms: Response{protocol=h2, code=200, message=, url=https://onboard.hiabt.click/dummy}"
2025-05-15 05:57:28.452,ReaderDoorRequestController,"Send dummy API done from address  192.168.254.48"
2025-05-15 05:57:34.169,ScreenControlManager,"外部入力1PIN：扉信号 is received with status false setting value: Hi"
2025-05-15 05:57:34.170,BrightnessController,"Got message from the Broadcast of Brightness Controller with message: CHANGE_BRIGHTNESS_BY_DOOR_SIGNAL"
2025-05-15 05:57:34.563,ReaderDoorRequestController,"request is ready to start with readerLocation: 1   doorStatus: 00"
2025-05-15 05:57:34.563,ReaderDoorRequestController,"request is ready to start with readerLocation: 0   doorStatus: 00"
2025-05-15 05:57:34.565,ReaderDoorRequestController,"Door Status is CLOSE"
2025-05-15 05:57:34.565,ReaderDoorRequestController,"Door Status is CLOSE"
2025-05-15 05:57:34.566,ReaderDoorRequestController,"Door Handler is running with delay 5s"
2025-05-15 05:57:34.566,ReaderDoorRequestController,"Door Handler is running with delay 5s"
2025-05-15 05:57:36.890,ABTControllerManager,"Main-Sub communicated via port 51102, cmd 32, data 0203"
2025-05-15 05:57:36.891,ABTControllerManager,"Main-Sub communicated via port 51102 command メイン制御部⇒サブ制御部 0x20h with 駒番号：2   運用モード：3   現在の運用モード：3   データ部：0203. Update UI and send command to サブ基盤 to save 駒番号"
2025-05-15 05:57:36.892,ROUTE_DATA,"setStopSequence(2) ->  ticket number: 23 sequence name: [0023]西観音町 next route: -1 route: 1032"
2025-05-15 05:57:36.897,TCP_CMD10H,"COMMAND 10H DATA ----------------------->>>>> : address 192.168.254.47 Reader Screen Number: 1F	data　section: 0000000000000000000000000000001F1F1711FFFFFF000000FFFF000000000000FFFFFFFFFFFF000000FFFFFFFFFFFF000000000D0A00000000000000000000000000000000000000000000000000000000000000000000000000000000000000000000000000000000000000000000000000000000 Timeout: 0000"
2025-05-15 05:57:36.898,TCP_PERIODIC,"Communicating to 192.168.254.47:51002 command 10 in Thread : Thread-45"
2025-05-15 05:57:36.899,VehicleOperationData,"The user selected　運用モード設定　with 運用モード名称: ２タッチ・全リーダー兼用 and 車両システム№: 50"
2025-05-15 05:57:36.904,ThreadRecovery,"the total process time finished in 14ms"
2025-05-15 05:57:36.923,TCP_CMD10H,"COMMAND 10H DATA ----------------------->>>>> : address 192.168.254.48 Reader Screen Number: 1F	data　section: 0000000000000000000000000000001F1F1711FFFFFF000000FFFF000000000000FFFFFFFFFFFF000000FFFFFFFFFFFF000000000D0A00000000000000000000000000000000000000000000000000000000000000000000000000000000000000000000000000000000000000000000000000000000 Timeout: 0000"
2025-05-15 05:57:36.929,TCP_PERIODIC,"successfully communicated with /192.168.254.47:51002"
2025-05-15 05:57:36.930,TCP_PERIODIC,"Communicating to 192.168.254.48:51002 command 10 in Thread : Thread-23"
2025-05-15 05:57:36.940,TCP_PERIODIC,"successfully communicated with /192.168.254.48:51002"
2025-05-15 05:57:39.431,ABTControllerManager,"Main-Sub communicated via port 51102, cmd 0, data 0101304100000000040802000000000000000000000000000000000000000000000000000100000000"
2025-05-15 05:57:39.438,ABTControllerManager,"Main-Sub communicated via port 51102 command メイン制御部⇒サブ制御部 0x00h with    FTP通信：許可   ステータス：通常(Ready)   現在系統番号：1032   現在駒番号：2   エラーコードメイン：0   エラーコード1：0   エラーコード2：0   エラーコード3：0   音声合成通信状態通知：正常   起動状態通知: 起動完了   起動結果通知メイン：起動成功   起動結果通知1：起動成功   起動結果通知2：起動成功   起動結果通知3：起動成功   データ部：0101304100000000040802000000000000000000000000000000000000000000000000000100000000"
2025-05-15 05:57:39.438,UPDATE_PROCEDURE,"handling received status By Comm Main-Sub"
2025-05-15 05:57:39.439,UPDATE_PROCEDURE,"①メイン制御器からFTPアクセス許可が来たタイミング"
2025-05-15 05:57:39.440,ThreadRecovery,"the total process time finished in 18ms"
2025-05-15 05:57:39.567,PAYMENT,"Send request to show door close screen"
2025-05-15 05:57:39.568,PAYMENT,"Send request to show door close screen"
2025-05-15 05:57:39.571,TCP_CMD10H,"COMMAND 10H DATA ----------------------->>>>> : address 192.168.254.48 Reader Screen Number: 1F	data　section: 0000000000000000000000000000001F1F17FFFFFFFF000000FFFF000000000000FFFFFFFFFFFF000000FFFFFFFFFFFF000000000D0A00000000000000000000000000000000000000000000000000000000000000000000000000000000000000000000000000000000000000000000000000000000 Timeout: 0000"
2025-05-15 05:57:39.572,TCP_PERIODIC,"Communicating to 192.168.254.48:51002 command 10 in Thread : Thread-49"
2025-05-15 05:57:39.572,ReaderRequestController,"Send to reader with the command of screen number: 1F done   "
2025-05-15 05:57:39.578,TCP_CMD10H,"COMMAND 10H DATA ----------------------->>>>> : address 192.168.254.47 Reader Screen Number: 1F	data　section: 0000000000000000000000000000001F1F17FFFFFFFF000000FFFF000000000000FFFFFFFFFFFF000000FFFFFFFFFFFF000000000D0A00000000000000000000000000000000000000000000000000000000000000000000000000000000000000000000000000000000000000000000000000000000 Timeout: 0000"
2025-05-15 05:57:39.579,TCP_PERIODIC,"Communicating to 192.168.254.47:51002 command 10 in Thread : Thread-2"
2025-05-15 05:57:39.579,ReaderRequestController,"Send to reader with the command of screen number: 1F done   "
2025-05-15 05:57:39.584,TCP_PERIODIC,"successfully communicated with /192.168.254.48:51002"
2025-05-15 05:57:39.587,TCP_PERIODIC,"successfully communicated with /192.168.254.47:51002"
2025-05-15 05:57:39.626,ABTControllerManager,"Main-Sub communicated via port 51102, cmd 32, data 0303"
2025-05-15 05:57:39.627,ABTControllerManager,"Main-Sub communicated via port 51102 command メイン制御部⇒サブ制御部 0x20h with 駒番号：3   運用モード：3   現在の運用モード：3   データ部：0303. Update UI and send command to サブ基盤 to save 駒番号"
2025-05-15 05:57:39.628,ROUTE_DATA,"setStopSequence(3) ->  ticket number: 24 sequence name: [0024]観音町 next route: -1 route: 1032"
2025-05-15 05:57:39.633,VehicleOperationData,"The user selected　運用モード設定　with 運用モード名称: ２タッチ・全リーダー兼用 and 車両システム№: 50"
2025-05-15 05:57:39.634,TCP_CMD10H,"COMMAND 10H DATA ----------------------->>>>> : address 192.168.254.47 Reader Screen Number: 1F	data　section: 0000000000000000000000000000001F1F1812FFFFFF000000FFFF000000000000FFFFFFFFFFFF000000FFFFFFFFFFFF000000000D0A00000000000000000000000000000000000000000000000000000000000000000000000000000000000000000000000000000000000000000000000000000000 Timeout: 0000"
2025-05-15 05:57:39.635,TCP_PERIODIC,"Communicating to 192.168.254.47:51002 command 10 in Thread : Thread-49"
2025-05-15 05:57:39.637,ThreadRecovery,"the total process time finished in 13ms"
2025-05-15 05:57:39.639,TCP_CMD10H,"COMMAND 10H DATA ----------------------->>>>> : address 192.168.254.48 Reader Screen Number: 1F	data　section: 0000000000000000000000000000001F1F1812FFFFFF000000FFFF000000000000FFFFFFFFFFFF000000FFFFFFFFFFFF000000000D0A00000000000000000000000000000000000000000000000000000000000000000000000000000000000000000000000000000000000000000000000000000000 Timeout: 0000"
2025-05-15 05:57:39.640,TCP_PERIODIC,"Communicating to 192.168.254.48:51002 command 10 in Thread : Thread-25"
2025-05-15 05:57:39.645,TCP_PERIODIC,"successfully communicated with /192.168.254.47:51002"
2025-05-15 05:57:39.648,TCP_PERIODIC,"successfully communicated with /192.168.254.48:51002"
2025-05-15 05:57:42.062,ABTControllerManager,"Main-Sub communicated via port 51102, cmd 0, data 0101304100000000040803000000000000000000000000000000000000000000000000000100000000"
2025-05-15 05:57:42.068,ABTControllerManager,"Main-Sub communicated via port 51102 command メイン制御部⇒サブ制御部 0x00h with    FTP通信：許可   ステータス：通常(Ready)   現在系統番号：1032   現在駒番号：3   エラーコードメイン：0   エラーコード1：0   エラーコード2：0   エラーコード3：0   音声合成通信状態通知：正常   起動状態通知: 起動完了   起動結果通知メイン：起動成功   起動結果通知1：起動成功   起動結果通知2：起動成功   起動結果通知3：起動成功   データ部：0101304100000000040803000000000000000000000000000000000000000000000000000100000000"
2025-05-15 05:57:42.069,UPDATE_PROCEDURE,"handling received status By Comm Main-Sub"
2025-05-15 05:57:42.069,UPDATE_PROCEDURE,"①メイン制御器からFTPアクセス許可が来たタイミング"
2025-05-15 05:57:42.070,ThreadRecovery,"the total process time finished in 19ms"
2025-05-15 05:57:42.289,ScreenControlManager,"外部入力3PIN：運転台信号 is received with status false"
2025-05-15 05:57:42.289,BrightnessController,"Got message from the Broadcast of Brightness Controller with message: CHANGE_BRIGHTNESS_BY_CAB_STATE_SIGNAL"
2025-05-15 05:57:42.293,BrightnessController,"Window of app will set FLAG_NOT_TOUCHABLE flag. Disable/Block Touch in Screen ...."
2025-05-15 05:57:42.294,BrightnessController,"禁止画面 will be shown ...."
2025-05-15 05:57:55.587,ABTControllerManager,"Main-Sub communicated via port 51102, cmd 32, data 0403"
2025-05-15 05:57:55.588,ABTControllerManager,"Main-Sub communicated via port 51102 command メイン制御部⇒サブ制御部 0x20h with 駒番号：4   運用モード：3   現在の運用モード：3   データ部：0403. Update UI and send command to サブ基盤 to save 駒番号"
2025-05-15 05:57:55.588,ROUTE_DATA,"setStopSequence(4) ->  ticket number: 25 sequence name: [0025]天満町 next route: -1 route: 1032"
2025-05-15 05:57:55.593,VehicleOperationData,"The user selected　運用モード設定　with 運用モード名称: ２タッチ・全リーダー兼用 and 車両システム№: 50"
2025-05-15 05:57:55.594,TCP_CMD10H,"COMMAND 10H DATA ----------------------->>>>> : address 192.168.254.47 Reader Screen Number: 1F	data　section: 0000000000000000000000000000001F1F1913FFFFFF000000FFFF000000000000FFFFFFFFFFFF000000FFFFFFFFFFFF000000000D0A00000000000000000000000000000000000000000000000000000000000000000000000000000000000000000000000000000000000000000000000000000000 Timeout: 0000"
2025-05-15 05:57:55.594,TCP_PERIODIC,"Communicating to 192.168.254.47:51002 command 10 in Thread : Thread-40"
2025-05-15 05:57:55.596,ThreadRecovery,"the total process time finished in 10ms"
2025-05-15 05:57:55.598,TCP_CMD10H,"COMMAND 10H DATA ----------------------->>>>> : address 192.168.254.48 Reader Screen Number: 1F	data　section: 0000000000000000000000000000001F1F1913FFFFFF000000FFFF000000000000FFFFFFFFFFFF000000FFFFFFFFFFFF000000000D0A00000000000000000000000000000000000000000000000000000000000000000000000000000000000000000000000000000000000000000000000000000000 Timeout: 0000"
2025-05-15 05:57:55.601,TCP_PERIODIC,"Communicating to 192.168.254.48:51002 command 10 in Thread : Thread-41"
2025-05-15 05:57:55.605,TCP_PERIODIC,"successfully communicated with /192.168.254.47:51002"
2025-05-15 05:57:55.610,TCP_PERIODIC,"successfully communicated with /192.168.254.48:51002"
2025-05-15 05:57:58.112,ABTControllerManager,"Main-Sub communicated via port 51102, cmd 32, data 0503"
2025-05-15 05:57:58.113,ABTControllerManager,"Main-Sub communicated via port 51102 command メイン制御部⇒サブ制御部 0x20h with 駒番号：5   運用モード：3   現在の運用モード：3   データ部：0503. Update UI and send command to サブ基盤 to save 駒番号"
2025-05-15 05:57:58.114,ROUTE_DATA,"setStopSequence(5) ->  ticket number: 26 sequence name: [0026]小網町 next route: -1 route: 1032"
2025-05-15 05:57:58.125,VehicleOperationData,"The user selected　運用モード設定　with 運用モード名称: ２タッチ・全リーダー兼用 and 車両システム№: 50"
2025-05-15 05:57:58.126,TCP_CMD10H,"COMMAND 10H DATA ----------------------->>>>> : address 192.168.254.47 Reader Screen Number: 1F	data　section: 0000000000000000000000000000001F1F1A1AFFFFFF000000FFFF000000000000FFFFFFFFFFFF000000FFFFFFFFFFFF000000000D0A00000000000000000000000000000000000000000000000000000000000000000000000000000000000000000000000000000000000000000000000000000000 Timeout: 0000"
2025-05-15 05:57:58.127,TCP_PERIODIC,"Communicating to 192.168.254.47:51002 command 10 in Thread : Thread-22"
2025-05-15 05:57:58.130,TCP_CMD10H,"COMMAND 10H DATA ----------------------->>>>> : address 192.168.254.48 Reader Screen Number: 1F	data　section: 0000000000000000000000000000001F1F1A1AFFFFFF000000FFFF000000000000FFFFFFFFFFFF000000FFFFFFFFFFFF000000000D0A00000000000000000000000000000000000000000000000000000000000000000000000000000000000000000000000000000000000000000000000000000000 Timeout: 0000"
2025-05-15 05:57:58.131,TCP_PERIODIC,"Communicating to 192.168.254.48:51002 command 10 in Thread : Thread-44"
2025-05-15 05:57:58.135,ThreadRecovery,"the total process time finished in 24ms"
2025-05-15 05:57:58.141,TCP_PERIODIC,"successfully communicated with /192.168.254.47:51002"
2025-05-15 05:57:58.143,TCP_PERIODIC,"successfully communicated with /192.168.254.48:51002"
2025-05-15 05:58:00.638,ABTControllerManager,"Main-Sub communicated via port 51102, cmd 32, data 0603"
2025-05-15 05:58:00.639,ABTControllerManager,"Main-Sub communicated via port 51102 command メイン制御部⇒サブ制御部 0x20h with 駒番号：6   運用モード：3   現在の運用モード：3   データ部：0603. Update UI and send command to サブ基盤 to save 駒番号"
2025-05-15 05:58:00.640,ROUTE_DATA,"setStopSequence(6) ->  ticket number: 27 sequence name: [0027]土橋 next route: -1 route: 1032"
2025-05-15 05:58:00.644,VehicleOperationData,"The user selected　運用モード設定　with 運用モード名称: ２タッチ・全リーダー兼用 and 車両システム№: 50"
2025-05-15 05:58:00.645,TCP_CMD10H,"COMMAND 10H DATA ----------------------->>>>> : address 192.168.254.47 Reader Screen Number: 1F	data　section: 0000000000000000000000000000001F1F1B1BFFFFFF000000FFFF000000000000FFFFFFFFFFFF000000FFFFFFFFFFFF000000000D0A00000000000000000000000000000000000000000000000000000000000000000000000000000000000000000000000000000000000000000000000000000000 Timeout: 0000"
2025-05-15 05:58:00.646,TCP_PERIODIC,"Communicating to 192.168.254.47:51002 command 10 in Thread : Thread-12"
2025-05-15 05:58:00.650,ThreadRecovery,"the total process time finished in 12ms"
2025-05-15 05:58:00.652,TCP_CMD10H,"COMMAND 10H DATA ----------------------->>>>> : address 192.168.254.48 Reader Screen Number: 1F	data　section: 0000000000000000000000000000001F1F1B1BFFFFFF000000FFFF000000000000FFFFFFFFFFFF000000FFFFFFFFFFFF000000000D0A00000000000000000000000000000000000000000000000000000000000000000000000000000000000000000000000000000000000000000000000000000000 Timeout: 0000"
2025-05-15 05:58:00.654,TCP_PERIODIC,"Communicating to 192.168.254.48:51002 command 10 in Thread : Thread-47"
2025-05-15 05:58:00.660,TCP_PERIODIC,"successfully communicated with /192.168.254.47:51002"
2025-05-15 05:58:00.664,TCP_PERIODIC,"successfully communicated with /192.168.254.48:51002"
2025-05-15 05:58:03.166,ABTControllerManager,"Main-Sub communicated via port 51102, cmd 32, data 0703"
2025-05-15 05:58:03.168,ABTControllerManager,"Main-Sub communicated via port 51102 command メイン制御部⇒サブ制御部 0x20h with 駒番号：7   運用モード：3   現在の運用モード：3   データ部：0703. Update UI and send command to サブ基盤 to save 駒番号"
2025-05-15 05:58:03.169,ROUTE_DATA,"setStopSequence(7) ->  ticket number: 28 sequence name: [0028]十日市町 next route: -1 route: 1032"
2025-05-15 05:58:03.175,VehicleOperationData,"The user selected　運用モード設定　with 運用モード名称: ２タッチ・全リーダー兼用 and 車両システム№: 50"
2025-05-15 05:58:03.178,TCP_CMD10H,"COMMAND 10H DATA ----------------------->>>>> : address 192.168.254.47 Reader Screen Number: 1F	data　section: 0000000000000000000000000000001F1F1C1CFFFFFF000000FFFF000000000000FFFFFFFFFFFF000000FFFFFFFFFFFF000000000D0A00000000000000000000000000000000000000000000000000000000000000000000000000000000000000000000000000000000000000000000000000000000 Timeout: 0000"
2025-05-15 05:58:03.179,TCP_PERIODIC,"Communicating to 192.168.254.47:51002 command 10 in Thread : Thread-25"
2025-05-15 05:58:03.187,TCP_CMD10H,"COMMAND 10H DATA ----------------------->>>>> : address 192.168.254.48 Reader Screen Number: 1F	data　section: 0000000000000000000000000000001F1F1C1CFFFFFF000000FFFF000000000000FFFFFFFFFFFF000000FFFFFFFFFFFF000000000D0A00000000000000000000000000000000000000000000000000000000000000000000000000000000000000000000000000000000000000000000000000000000 Timeout: 0000"
2025-05-15 05:58:03.187,ThreadRecovery,"the total process time finished in 22ms"
2025-05-15 05:58:03.188,TCP_PERIODIC,"Communicating to 192.168.254.48:51002 command 10 in Thread : Thread-50"
2025-05-15 05:58:03.192,TCP_PERIODIC,"successfully communicated with /192.168.254.47:51002"
2025-05-15 05:58:03.198,TCP_PERIODIC,"successfully communicated with /192.168.254.48:51002"
2025-05-15 05:58:05.591,ABTControllerManager,"Main-Sub communicated via port 51102, cmd 32, data 0803"
2025-05-15 05:58:05.592,ABTControllerManager,"Main-Sub communicated via port 51102 command メイン制御部⇒サブ制御部 0x20h with 駒番号：8   運用モード：3   現在の運用モード：3   データ部：0803. Update UI and send command to サブ基盤 to save 駒番号"
2025-05-15 05:58:05.593,ROUTE_DATA,"setStopSequence(8) ->  ticket number: 29 sequence name: [0029]本川町 next route: -1 route: 1032"
2025-05-15 05:58:05.604,VehicleOperationData,"The user selected　運用モード設定　with 運用モード名称: ２タッチ・全リーダー兼用 and 車両システム№: 50"
2025-05-15 05:58:05.606,TCP_CMD10H,"COMMAND 10H DATA ----------------------->>>>> : address 192.168.254.47 Reader Screen Number: 1F	data　section: 0000000000000000000000000000001F1F1D1DFFFFFF000000FFFF000000000000FFFFFFFFFFFF000000FFFFFFFFFFFF000000000D0A00000000000000000000000000000000000000000000000000000000000000000000000000000000000000000000000000000000000000000000000000000000 Timeout: 0000"
2025-05-15 05:58:05.607,TCP_PERIODIC,"Communicating to 192.168.254.47:51002 command 10 in Thread : Thread-14"
2025-05-15 05:58:05.611,TCP_CMD10H,"COMMAND 10H DATA ----------------------->>>>> : address 192.168.254.48 Reader Screen Number: 1F	data　section: 0000000000000000000000000000001F1F1D1DFFFFFF000000FFFF000000000000FFFFFFFFFFFF000000FFFFFFFFFFFF000000000D0A00000000000000000000000000000000000000000000000000000000000000000000000000000000000000000000000000000000000000000000000000000000 Timeout: 0000"
2025-05-15 05:58:05.612,TCP_PERIODIC,"Communicating to 192.168.254.48:51002 command 10 in Thread : Thread-28"
2025-05-15 05:58:05.614,ThreadRecovery,"the total process time finished in 24ms"
2025-05-15 05:58:05.619,TCP_PERIODIC,"successfully communicated with /192.168.254.47:51002"
2025-05-15 05:58:05.624,TCP_PERIODIC,"successfully communicated with /192.168.254.48:51002"
2025-05-15 05:58:08.124,ABTControllerManager,"Main-Sub communicated via port 51102, cmd 32, data 0903"
2025-05-15 05:58:08.126,ABTControllerManager,"Main-Sub communicated via port 51102 command メイン制御部⇒サブ制御部 0x20h with 駒番号：9   運用モード：3   現在の運用モード：3   データ部：0903. Update UI and send command to サブ基盤 to save 駒番号"
2025-05-15 05:58:08.127,ROUTE_DATA,"setStopSequence(9) ->  ticket number: 30 sequence name: [0030]原爆ドーム前 next route: -1 route: 1032"
2025-05-15 05:58:08.141,VehicleOperationData,"The user selected　運用モード設定　with 運用モード名称: ２タッチ・全リーダー兼用 and 車両システム№: 50"
2025-05-15 05:58:08.141,TCP_CMD10H,"COMMAND 10H DATA ----------------------->>>>> : address 192.168.254.47 Reader Screen Number: 1F	data　section: 0000000000000000000000000000001F1F1E1EFFFFFF000000FFFF000000000000FFFFFFFFFFFF000000FFFFFFFFFFFF000000000D0A00000000000000000000000000000000000000000000000000000000000000000000000000000000000000000000000000000000000000000000000000000000 Timeout: 0000"
2025-05-15 05:58:08.142,TCP_PERIODIC,"Communicating to 192.168.254.47:51002 command 10 in Thread : Thread-8"
2025-05-15 05:58:08.146,TCP_CMD10H,"COMMAND 10H DATA ----------------------->>>>> : address 192.168.254.48 Reader Screen Number: 1F	data　section: 0000000000000000000000000000001F1F1E1EFFFFFF000000FFFF000000000000FFFFFFFFFFFF000000FFFFFFFFFFFF000000000D0A00000000000000000000000000000000000000000000000000000000000000000000000000000000000000000000000000000000000000000000000000000000 Timeout: 0000"
2025-05-15 05:58:08.147,TCP_PERIODIC,"Communicating to 192.168.254.48:51002 command 10 in Thread : Thread-31"
2025-05-15 05:58:08.151,ThreadRecovery,"the total process time finished in 28ms"
2025-05-15 05:58:08.154,TCP_PERIODIC,"successfully communicated with /192.168.254.47:51002"
2025-05-15 05:58:08.157,TCP_PERIODIC,"successfully communicated with /192.168.254.48:51002"
2025-05-15 05:58:10.651,ABTControllerManager,"Main-Sub communicated via port 51102, cmd 32, data 0A03"
2025-05-15 05:58:10.653,ABTControllerManager,"Main-Sub communicated via port 51102 command メイン制御部⇒サブ制御部 0x20h with 駒番号：10   運用モード：3   現在の運用モード：3   データ部：0A03. Update UI and send command to サブ基盤 to save 駒番号"
2025-05-15 05:58:10.654,ROUTE_DATA,"setStopSequence(10) ->  ticket number: 31 sequence name: [0031]紙屋町西 next route: -1 route: 1032"
2025-05-15 05:58:10.669,VehicleOperationData,"The user selected　運用モード設定　with 運用モード名称: ２タッチ・全リーダー兼用 and 車両システム№: 50"
2025-05-15 05:58:10.672,TCP_CMD10H,"COMMAND 10H DATA ----------------------->>>>> : address 192.168.254.47 Reader Screen Number: 1F	data　section: 0000000000000000000000000000001F1F1F1FFFFFFF000000FFFF000000000000FFFFFFFFFFFF000000FFFFFFFFFFFF000000000D0A00000000000000000000000000000000000000000000000000000000000000000000000000000000000000000000000000000000000000000000000000000000 Timeout: 0000"
2025-05-15 05:58:10.673,TCP_PERIODIC,"Communicating to 192.168.254.47:51002 command 10 in Thread : Thread-17"
2025-05-15 05:58:10.676,ThreadRecovery,"the total process time finished in 26ms"
2025-05-15 05:58:10.678,TCP_CMD10H,"COMMAND 10H DATA ----------------------->>>>> : address 192.168.254.48 Reader Screen Number: 1F	data　section: 0000000000000000000000000000001F1F1F1FFFFFFF000000FFFF000000000000FFFFFFFFFFFF000000FFFFFFFFFFFF000000000D0A00000000000000000000000000000000000000000000000000000000000000000000000000000000000000000000000000000000000000000000000000000000 Timeout: 0000"
2025-05-15 05:58:10.679,TCP_PERIODIC,"Communicating to 192.168.254.48:51002 command 10 in Thread : Thread-34"
2025-05-15 05:58:10.683,TCP_PERIODIC,"successfully communicated with /192.168.254.47:51002"
2025-05-15 05:58:10.687,TCP_PERIODIC,"successfully communicated with /192.168.254.48:51002"
2025-05-15 05:58:13.177,ABTControllerManager,"Main-Sub communicated via port 51102, cmd 32, data 0B03"
2025-05-15 05:58:13.178,ABTControllerManager,"Main-Sub communicated via port 51102 command メイン制御部⇒サブ制御部 0x20h with 駒番号：11   運用モード：3   現在の運用モード：3   データ部：0B03. Update UI and send command to サブ基盤 to save 駒番号"
2025-05-15 05:58:13.179,ROUTE_DATA,"setStopSequence(11) ->  ticket number: 58 sequence name: [0058]本通 next route: -1 route: 1032"
2025-05-15 05:58:13.189,VehicleOperationData,"The user selected　運用モード設定　with 運用モード名称: ２タッチ・全リーダー兼用 and 車両システム№: 50"
2025-05-15 05:58:13.190,TCP_CMD10H,"COMMAND 10H DATA ----------------------->>>>> : address 192.168.254.47 Reader Screen Number: 1F	data　section: 0000000000000000000000000000001F1F3A3AFFFFFF000000FFFF000000000000FFFFFFFFFFFF000000FFFFFFFFFFFF000000000D0A00000000000000000000000000000000000000000000000000000000000000000000000000000000000000000000000000000000000000000000000000000000 Timeout: 0000"
2025-05-15 05:58:13.191,TCP_PERIODIC,"Communicating to 192.168.254.47:51002 command 10 in Thread : Thread-5"
2025-05-15 05:58:13.195,TCP_CMD10H,"COMMAND 10H DATA ----------------------->>>>> : address 192.168.254.48 Reader Screen Number: 1F	data　section: 0000000000000000000000000000001F1F3A3AFFFFFF000000FFFF000000000000FFFFFFFFFFFF000000FFFFFFFFFFFF000000000D0A00000000000000000000000000000000000000000000000000000000000000000000000000000000000000000000000000000000000000000000000000000000 Timeout: 0000"
2025-05-15 05:58:13.197,TCP_PERIODIC,"Communicating to 192.168.254.48:51002 command 10 in Thread : Thread-37"
2025-05-15 05:58:13.199,ThreadRecovery,"the total process time finished in 22ms"
2025-05-15 05:58:13.203,TCP_PERIODIC,"successfully communicated with /192.168.254.47:51002"
2025-05-15 05:58:13.205,TCP_PERIODIC,"successfully communicated with /192.168.254.48:51002"
2025-05-15 05:58:15.608,ABTControllerManager,"Main-Sub communicated via port 51102, cmd 32, data 0C03"
2025-05-15 05:58:15.609,ABTControllerManager,"Main-Sub communicated via port 51102 command メイン制御部⇒サブ制御部 0x20h with 駒番号：12   運用モード：3   現在の運用モード：3   データ部：0C03. Update UI and send command to サブ基盤 to save 駒番号"
2025-05-15 05:58:15.609,ROUTE_DATA,"setStopSequence(12) ->  ticket number: 57 sequence name: [0057]袋町 next route: -1 route: 1032"
2025-05-15 05:58:15.616,VehicleOperationData,"The user selected　運用モード設定　with 運用モード名称: ２タッチ・全リーダー兼用 and 車両システム№: 50"
2025-05-15 05:58:15.617,TCP_CMD10H,"COMMAND 10H DATA ----------------------->>>>> : address 192.168.254.47 Reader Screen Number: 1F	data　section: 0000000000000000000000000000001F1F3927FFFFFF000000FFFF000000000000FFFFFFFFFFFF000000FFFFFFFFFFFF000000000D0A00000000000000000000000000000000000000000000000000000000000000000000000000000000000000000000000000000000000000000000000000000000 Timeout: 0000"
2025-05-15 05:58:15.618,TCP_PERIODIC,"Communicating to 192.168.254.47:51002 command 10 in Thread : Thread-20"
2025-05-15 05:58:15.619,ThreadRecovery,"the total process time finished in 12ms"
2025-05-15 05:58:15.621,TCP_CMD10H,"COMMAND 10H DATA ----------------------->>>>> : address 192.168.254.48 Reader Screen Number: 1F	data　section: 0000000000000000000000000000001F1F3927FFFFFF000000FFFF000000000000FFFFFFFFFFFF000000FFFFFFFFFFFF000000000D0A00000000000000000000000000000000000000000000000000000000000000000000000000000000000000000000000000000000000000000000000000000000 Timeout: 0000"
2025-05-15 05:58:15.623,TCP_PERIODIC,"Communicating to 192.168.254.48:51002 command 10 in Thread : Thread-40"
2025-05-15 05:58:15.628,TCP_PERIODIC,"successfully communicated with /192.168.254.47:51002"
2025-05-15 05:58:15.632,TCP_PERIODIC,"successfully communicated with /192.168.254.48:51002"
2025-05-15 05:58:18.133,ABTControllerManager,"Main-Sub communicated via port 51102, cmd 32, data 0D03"
2025-05-15 05:58:18.135,ABTControllerManager,"Main-Sub communicated via port 51102 command メイン制御部⇒サブ制御部 0x20h with 駒番号：13   運用モード：3   現在の運用モード：3   データ部：0D03. Update UI and send command to サブ基盤 to save 駒番号"
2025-05-15 05:58:18.136,ROUTE_DATA,"setStopSequence(13) ->  ticket number: 56 sequence name: [0056]中電前 next route: -1 route: 1032"
2025-05-15 05:58:18.143,TCP_CMD10H,"COMMAND 10H DATA ----------------------->>>>> : address 192.168.254.47 Reader Screen Number: 1F	data　section: 0000000000000000000000000000001F1F3826FFFFFF000000FFFF000000000000FFFFFFFFFFFF000000FFFFFFFFFFFF000000000D0A00000000000000000000000000000000000000000000000000000000000000000000000000000000000000000000000000000000000000000000000000000000 Timeout: 0000"
2025-05-15 05:58:18.144,TCP_PERIODIC,"Communicating to 192.168.254.47:51002 command 10 in Thread : Thread-42"
2025-05-15 05:58:18.145,VehicleOperationData,"The user selected　運用モード設定　with 運用モード名称: ２タッチ・全リーダー兼用 and 車両システム№: 50"
2025-05-15 05:58:18.148,TCP_CMD10H,"COMMAND 10H DATA ----------------------->>>>> : address 192.168.254.48 Reader Screen Number: 1F	data　section: 0000000000000000000000000000001F1F3826FFFFFF000000FFFF000000000000FFFFFFFFFFFF000000FFFFFFFFFFFF000000000D0A00000000000000000000000000000000000000000000000000000000000000000000000000000000000000000000000000000000000000000000000000000000 Timeout: 0000"
2025-05-15 05:58:18.149,TCP_PERIODIC,"Communicating to 192.168.254.48:51002 command 10 in Thread : Thread-43"
2025-05-15 05:58:18.154,ThreadRecovery,"the total process time finished in 22ms"
2025-05-15 05:58:18.160,TCP_PERIODIC,"successfully communicated with /192.168.254.47:51002"
2025-05-15 05:58:18.162,TCP_PERIODIC,"successfully communicated with /192.168.254.48:51002"
2025-05-15 05:58:20.664,ABTControllerManager,"Main-Sub communicated via port 51102, cmd 32, data 0E03"
2025-05-15 05:58:20.666,ABTControllerManager,"Main-Sub communicated via port 51102 command メイン制御部⇒サブ制御部 0x20h with 駒番号：14   運用モード：3   現在の運用モード：3   データ部：0E03. Update UI and send command to サブ基盤 to save 駒番号"
2025-05-15 05:58:20.667,ROUTE_DATA,"setStopSequence(14) ->  ticket number: 55 sequence name: [0055]市役所前 next route: -1 route: 1032"
2025-05-15 05:58:20.682,VehicleOperationData,"The user selected　運用モード設定　with 運用モード名称: ２タッチ・全リーダー兼用 and 車両システム№: 50"
2025-05-15 05:58:20.685,TCP_CMD10H,"COMMAND 10H DATA ----------------------->>>>> : address 192.168.254.47 Reader Screen Number: 1F	data　section: 0000000000000000000000000000001F1F3725FFFFFF000000FFFF000000000000FFFFFFFFFFFF000000FFFFFFFFFFFF000000000D0A00000000000000000000000000000000000000000000000000000000000000000000000000000000000000000000000000000000000000000000000000000000 Timeout: 0000"
2025-05-15 05:58:20.686,TCP_PERIODIC,"Communicating to 192.168.254.47:51002 command 10 in Thread : Thread-23"
2025-05-15 05:58:20.690,ThreadRecovery,"the total process time finished in 27ms"
2025-05-15 05:58:20.691,TCP_CMD10H,"COMMAND 10H DATA ----------------------->>>>> : address 192.168.254.48 Reader Screen Number: 1F	data　section: 0000000000000000000000000000001F1F3725FFFFFF000000FFFF000000000000FFFFFFFFFFFF000000FFFFFFFFFFFF000000000D0A00000000000000000000000000000000000000000000000000000000000000000000000000000000000000000000000000000000000000000000000000000000 Timeout: 0000"
2025-05-15 05:58:20.692,TCP_PERIODIC,"Communicating to 192.168.254.48:51002 command 10 in Thread : Thread-46"
2025-05-15 05:58:20.696,TCP_PERIODIC,"successfully communicated with /192.168.254.47:51002"
2025-05-15 05:58:20.700,TCP_PERIODIC,"successfully communicated with /192.168.254.48:51002"
2025-05-15 05:58:23.193,ABTControllerManager,"Main-Sub communicated via port 51102, cmd 32, data 0F03"
2025-05-15 05:58:23.194,ABTControllerManager,"Main-Sub communicated via port 51102 command メイン制御部⇒サブ制御部 0x20h with 駒番号：15   運用モード：3   現在の運用モード：3   データ部：0F03. Update UI and send command to サブ基盤 to save 駒番号"
2025-05-15 05:58:23.196,ROUTE_DATA,"setStopSequence(15) ->  ticket number: 54 sequence name: [0054]鷹野橋 next route: -1 route: 1032"
2025-05-15 05:58:23.201,TCP_CMD10H,"COMMAND 10H DATA ----------------------->>>>> : address 192.168.254.47 Reader Screen Number: 1F	data　section: 0000000000000000000000000000001F1F3624FFFFFF000000FFFF000000000000FFFFFFFFFFFF000000FFFFFFFFFFFF000000000D0A00000000000000000000000000000000000000000000000000000000000000000000000000000000000000000000000000000000000000000000000000000000 Timeout: 0000"
2025-05-15 05:58:23.202,VehicleOperationData,"The user selected　運用モード設定　with 運用モード名称: ２タッチ・全リーダー兼用 and 車両システム№: 50"
2025-05-15 05:58:23.202,TCP_PERIODIC,"Communicating to 192.168.254.47:51002 command 10 in Thread : Thread-2"
2025-05-15 05:58:23.206,TCP_CMD10H,"COMMAND 10H DATA ----------------------->>>>> : address 192.168.254.48 Reader Screen Number: 1F	data　section: 0000000000000000000000000000001F1F3624FFFFFF000000FFFF000000000000FFFFFFFFFFFF000000FFFFFFFFFFFF000000000D0A00000000000000000000000000000000000000000000000000000000000000000000000000000000000000000000000000000000000000000000000000000000 Timeout: 0000"
2025-05-15 05:58:23.207,TCP_PERIODIC,"Communicating to 192.168.254.48:51002 command 10 in Thread : Thread-49"
2025-05-15 05:58:23.209,ThreadRecovery,"the total process time finished in 17ms"
2025-05-15 05:58:23.213,TCP_PERIODIC,"successfully communicated with /192.168.254.47:51002"
2025-05-15 05:58:23.216,TCP_PERIODIC,"successfully communicated with /192.168.254.48:51002"
2025-05-15 05:58:25.616,ABTControllerManager,"Main-Sub communicated via port 51102, cmd 32, data 1003"
2025-05-15 05:58:25.617,ABTControllerManager,"Main-Sub communicated via port 51102 command メイン制御部⇒サブ制御部 0x20h with 駒番号：16   運用モード：3   現在の運用モード：3   データ部：1003. Update UI and send command to サブ基盤 to save 駒番号"
2025-05-15 05:58:25.618,ROUTE_DATA,"setStopSequence(16) ->  ticket number: 53 sequence name: [0053]日赤病院前 next route: -1 route: 1032"
2025-05-15 05:58:25.623,TCP_CMD10H,"COMMAND 10H DATA ----------------------->>>>> : address 192.168.254.47 Reader Screen Number: 1F	data　section: 0000000000000000000000000000001F1F3523FFFFFF000000FFFF000000000000FFFFFFFFFFFF000000FFFFFFFFFFFF000000000D0A00000000000000000000000000000000000000000000000000000000000000000000000000000000000000000000000000000000000000000000000000000000 Timeout: 0000"
2025-05-15 05:58:25.624,TCP_PERIODIC,"Communicating to 192.168.254.47:51002 command 10 in Thread : Thread-7"
2025-05-15 05:58:25.627,TCP_CMD10H,"COMMAND 10H DATA ----------------------->>>>> : address 192.168.254.48 Reader Screen Number: 1F	data　section: 0000000000000000000000000000001F1F3523FFFFFF000000FFFF000000000000FFFFFFFFFFFF000000FFFFFFFFFFFF000000000D0A00000000000000000000000000000000000000000000000000000000000000000000000000000000000000000000000000000000000000000000000000000000 Timeout: 0000"
2025-05-15 05:58:25.628,TCP_PERIODIC,"Communicating to 192.168.254.48:51002 command 10 in Thread : Thread-27"
2025-05-15 05:58:25.632,VehicleOperationData,"The user selected　運用モード設定　with 運用モード名称: ２タッチ・全リーダー兼用 and 車両システム№: 50"
2025-05-15 05:58:25.634,TCP_PERIODIC,"successfully communicated with /192.168.254.47:51002"
2025-05-15 05:58:25.639,TCP_PERIODIC,"successfully communicated with /192.168.254.48:51002"
2025-05-15 05:58:25.641,ThreadRecovery,"the total process time finished in 25ms"
2025-05-15 05:58:28.145,ABTControllerManager,"Main-Sub communicated via port 51102, cmd 0, data 0101304100000000040810000000000000000000000000000000000000000000000000000100000000"
2025-05-15 05:58:28.149,ABTControllerManager,"Main-Sub communicated via port 51102 command メイン制御部⇒サブ制御部 0x00h with    FTP通信：許可   ステータス：通常(Ready)   現在系統番号：1032   現在駒番号：16   エラーコードメイン：0   エラーコード1：0   エラーコード2：0   エラーコード3：0   音声合成通信状態通知：正常   起動状態通知: 起動完了   起動結果通知メイン：起動成功   起動結果通知1：起動成功   起動結果通知2：起動成功   起動結果通知3：起動成功   データ部：0101304100000000040810000000000000000000000000000000000000000000000000000100000000"
2025-05-15 05:58:28.150,UPDATE_PROCEDURE,"handling received status By Comm Main-Sub"
2025-05-15 05:58:28.150,UPDATE_PROCEDURE,"①メイン制御器からFTPアクセス許可が来たタイミング"
2025-05-15 05:58:28.151,ThreadRecovery,"the total process time finished in 9ms"
2025-05-16 05:39:31.248,LAQRA,"App is starting..."
2025-05-16 05:39:31.886,ErrorDatabase,"The database file has been created"
2025-05-16 05:39:33.080,LAQRA,"(Android Activity LifeCycle) App is onResume"
2025-05-16 05:39:35.303,UPDATE_PROCEDURE,"destroy Instance of UpdateProcedure"
2025-05-16 05:39:35.339,UPDATE_PROCEDURE,"Task UpdateProcedure is starting..."
2025-05-16 05:39:35.340,UPDATE_PROCEDURE,"Performing onStarted event for UpdateProcedure..."
2025-05-16 05:39:35.927,UPDATE_PROCEDURE,"Start UpdateProcedure using thread pool 0/30"
2025-05-16 05:39:35.943,UPDATE_PROCEDURE,"Task ContinueOngoingUpdate is starting..."
2025-05-16 05:39:35.944,UPDATE_PROCEDURE,"Performing onStarted event for ContinueOngoingUpdate..."
2025-05-16 05:39:35.946,UPDATE_PROCEDURE,"Start ContinueOngoingUpdate using thread pool 1/30"
2025-05-16 05:39:35.950,UPDATE_PROCEDURE,"Fetch system update status, got NONE"
2025-05-16 05:39:35.954,UPDATE_PROCEDURE,"Task ContinueOngoingUpdate finished with result SKIPPED"
2025-05-16 05:39:35.955,UPDATE_PROCEDURE,"Task GetUpdateFiles is starting..."
2025-05-16 05:39:35.956,UPDATE_PROCEDURE,"Performing onStarted event for GetUpdateFiles..."
2025-05-16 05:39:35.957,UPDATE_PROCEDURE,"Start GetUpdateFiles using thread pool 1/30"
2025-05-16 05:39:35.957,UPDATE_PROCEDURE,"Task GetUpdatePackageSomewhere is starting..."
2025-05-16 05:39:35.958,UPDATE_PROCEDURE,"Performing onStarted event for GetUpdatePackageSomewhere..."
2025-05-16 05:39:35.959,UPDATE_PROCEDURE,"Start GetUpdatePackageSomewhere using thread pool 1/30"
2025-05-16 05:39:35.959,UPDATE_PROCEDURE,"Task GetUpdatePackageLocal is starting..."
2025-05-16 05:39:35.960,UPDATE_PROCEDURE,"Performing onStarted event for GetUpdatePackageLocal..."
2025-05-16 05:39:35.960,UPDATE_PROCEDURE,"Start GetUpdatePackageLocal using thread pool 1/30"
2025-05-16 05:39:35.961,UPDATE_PROCEDURE,"USB Setup State = CONNECTING"
2025-05-16 05:39:35.963,UPDATE_PROCEDURE,"Start checking USB Media"
2025-05-16 05:39:36.048,ABTControllerManager,"Main-Sub Controller Connection is creating...."
2025-05-16 05:39:36.052,CONNECT_CLIENT,"From the time the app starts to the time the Client socket connection opens (socketの接続開始) ( IP: 192.168.254.30 port: 52102) in 4798ms"
2025-05-16 05:39:36.630,TCP_IMPL,"Establishing reader communication thread for 192.168.254.47:52004"
2025-05-16 05:39:36.630,TCP_IMPL,"Establishing reader communication thread for 192.168.254.48:52005"
2025-05-16 05:39:36.634,TCP_IMPL,"Waiting for connection for 192.168.254.48:52005"
2025-05-16 05:39:36.634,TCP_IMPL,"Waiting for connection for 192.168.254.47:52004"
2025-05-16 05:39:37.061,ABTControllerManager,"Check to start send data to client/host with  (attempted 0 times)"
2025-05-16 05:39:38.062,ABTControllerManager,"Check to start send data to client/host with  (attempted 1 times)"
2025-05-16 05:39:38.064,MiddleWareChecker,"Check connection of controller with IP 192.168.254.30 Port 52102 Error: PING  --->NOT OK"
2025-05-16 05:39:39.066,ABTControllerManager,"Check to start send data to client/host with  (attempted 2 times)"
2025-05-16 05:39:39.067,MiddleWareChecker,"Check connection of controller with IP 192.168.254.30 Port 52102 Error: PING  --->NOT OK"
2025-05-16 05:39:40.068,ABTControllerManager,"Check to start send data to client/host with  (attempted 3 times)"
2025-05-16 05:39:40.069,MiddleWareChecker,"Check connection of controller with IP 192.168.254.30 Port 52102 Error: PING  --->NOT OK"
2025-05-16 05:39:40.224,DEBUG,"No route to host: 192.168.254.30 (attempted 0 times)"
2025-05-16 05:39:40.242,TCP_PERIODIC,"Preparing openned 192.168.254.47:51002"
2025-05-16 05:39:40.244,TCP_PERIODIC,"Preparing openned 192.168.254.48:51002"
2025-05-16 05:39:40.248,TCP_PERIODIC,"Openned socket /192.168.254.48:51002"
2025-05-16 05:39:40.250,TCP_PERIODIC,"Openned socket /192.168.254.47:51002"
2025-05-16 05:39:41.070,ABTControllerManager,"Check to start send data to client/host with  (attempted 4 times)"
2025-05-16 05:39:41.071,MiddleWareChecker,"Check connection of controller with IP 192.168.254.30 Port 52102 Error: CONNECTION  --->NOT OK"
2025-05-16 05:39:42.072,ABTControllerManager,"Check to start send data to client/host with  (attempted 5 times)"
2025-05-16 05:39:42.074,MiddleWareChecker,"Check connection of controller with IP 192.168.254.30 Port 52102 Error: CONNECTION  --->NOT OK"
2025-05-16 05:39:42.228,DEBUG,"Opened socket at (IP: 192.168.254.30 Port: 52102) with bound: true connected: true closed: false"
2025-05-16 05:39:43.075,ABTControllerManager,"Check to start send data to client/host with  (attempted 6 times)"
2025-05-16 05:39:43.076,MiddleWareChecker,"Check connection of controller with IP 192.168.254.30 Port 52102 Error: RECEIVE  --->OK"
2025-05-16 05:39:43.077,ABTControllerManager,"Main-Sub Controller Connection is finished SUCCESS 通信の安定化にかかっている時間: 11823ms with 7/0 times. (接続完了) Starting send data to client and host"
2025-05-16 05:39:44.315,UPDATE_PROCEDURE,"USB connect off, USB file copy task failed"
2025-05-16 05:39:44.317,UPDATE_PROCEDURE,"Task GetUpdatePackageLocal finished with result FAILED"
2025-05-16 05:39:44.318,UPDATE_PROCEDURE,"Task GetUpdatePackageRemote is starting..."
2025-05-16 05:39:44.319,UPDATE_PROCEDURE,"Performing onStarted event for GetUpdatePackageRemote..."
2025-05-16 05:39:44.320,UPDATE_PROCEDURE,"Start GetUpdatePackageRemote using thread pool 1/30"
2025-05-16 05:39:44.324,UPDATE_PROCEDURE,"Task GetUpdatePackageRemote finished with result FAILED"
2025-05-16 05:39:44.325,UPDATE_PROCEDURE,"Task DownloadUpdatePackageFTP is starting..."
2025-05-16 05:39:44.325,UPDATE_PROCEDURE,"Performing onStarted event for DownloadUpdatePackageFTP..."
2025-05-16 05:39:44.326,UPDATE_PROCEDURE,"Start DownloadUpdatePackageFTP using thread pool 1/30"
2025-05-16 05:39:44.327,UPDATE_PROCEDURE,"executing download package FTP"
2025-05-16 05:39:44.331,UPDATE_PROCEDURE,"stop timeout (50s) now"
2025-05-16 05:39:44.332,UPDATE_PROCEDURE,"Waiting to check status of event DownloadUpdatePackageFTP by timeout 50s"
2025-05-16 05:39:44.333,UPDATE_PROCEDURE,"Querying server status..."
2025-05-16 05:39:44.334,UPDATE_PROCEDURE,"Server status is null"
2025-05-16 05:39:44.334,UPDATE_PROCEDURE,"No server status yet"
2025-05-16 05:39:44.426,ABTControllerManager,"Main-Sub communicated via port 51102, cmd 0, data 000030410000FFFFFFFF00000000000000000000000000000000000000000000000000000000000000"
2025-05-16 05:39:44.432,ABTControllerManager,"Main-Sub communicated via port 51102 command メイン制御部⇒サブ制御部 0x00h with    FTP通信：禁止   ステータス：通常(Busy)   現在系統番号：-1   現在駒番号：0   エラーコードメイン：0   エラーコード1：0   エラーコード2：0   エラーコード3：0   音声合成通信状態通知：正常   起動状態通知: 起動中   起動結果通知メイン：起動成功   起動結果通知1：起動成功   起動結果通知2：起動成功   起動結果通知3：起動成功   データ部：000030410000FFFFFFFF00000000000000000000000000000000000000000000000000000000000000"
2025-05-16 05:39:44.433,UPDATE_PROCEDURE,"handling received status By Comm Main-Sub"
2025-05-16 05:39:44.433,UPDATE_PROCEDURE,"①メイン制御器からFTPアクセス許可が来たタイミング"
2025-05-16 05:39:44.437,ThreadRecovery,"the total process time finished in 14ms"
2025-05-16 05:39:58.337,CONNECT_SERVER_SUB,"Server is having error due to timeout java.net.SocketTimeoutException: Poll timed out port 51102"
2025-05-16 05:40:16.626,ABTControllerManager,"Main-Sub communicated via port 51102, cmd 0, data 010030410000FFFFFFFF00000000000000000000000000000000000000000000000000000000000000"
2025-05-16 05:40:16.631,ABTControllerManager,"Main-Sub communicated via port 51102 command メイン制御部⇒サブ制御部 0x00h with    FTP通信：許可   ステータス：通常(Busy)   現在系統番号：-1   現在駒番号：0   エラーコードメイン：0   エラーコード1：0   エラーコード2：0   エラーコード3：0   音声合成通信状態通知：正常   起動状態通知: 起動中   起動結果通知メイン：起動成功   起動結果通知1：起動成功   起動結果通知2：起動成功   起動結果通知3：起動成功   データ部：010030410000FFFFFFFF00000000000000000000000000000000000000000000000000000000000000"
2025-05-16 05:40:16.632,UPDATE_PROCEDURE,"handling received status By Comm Main-Sub"
2025-05-16 05:40:16.632,UPDATE_PROCEDURE,"①メイン制御器からFTPアクセス許可が来たタイミング"
2025-05-16 05:40:16.634,FTPConnectHelper,"Connecting to FTP 192.168.254.30:2221"
2025-05-16 05:40:16.688,FTPConnectHelper,"Logging in to FTP LECIP"
2025-05-16 05:40:16.901,FTPConnectHelper,"FTP login successful"
2025-05-16 05:40:16.902,UPDATE_PROCEDURE,"②メイン制御器へFTPアクセスするタイミング"
2025-05-16 05:40:16.903,UPDATE_PROCEDURE,"Download from FTP starting..."
2025-05-16 05:40:16.905,UPDATE_PROCEDURE,"Stop waiting timeout and start FTP download timeout (50s) instead."
2025-05-16 05:40:16.906,UPDATE_PROCEDURE,"stop timeout (50s) now"
2025-05-16 05:40:17.141,FTPConnectHelper,"downloading from FTP 2 entries"
2025-05-16 05:40:17.142,FTPConnectHelper,"downloading folder from FTP LIVUManager/app -> /log/Server/download/app"
2025-05-16 05:40:17.295,FTPConnectHelper,"downloading from FTP 5 entries"
2025-05-16 05:40:17.295,FTPConnectHelper,"downloading folder from FTP LIVUManager/app/11 -> /log/Server/download/app/11"
2025-05-16 05:40:17.448,FTPConnectHelper,"downloading from FTP 3 entries"
2025-05-16 05:40:17.448,FTPConnectHelper,"downloading folder from FTP LIVUManager/app/11/LIVUManager -> /log/Server/download/app/11/LIVUManager"
2025-05-16 05:40:17.579,FTPConnectHelper,"downloading from FTP 0 entries"
2025-05-16 05:40:17.580,FTPConnectHelper,"downloading folder from FTP LIVUManager/app/11/LIVUSub -> /log/Server/download/app/11/LIVUSub"
2025-05-16 05:40:17.690,FTPConnectHelper,"downloading from FTP 0 entries"
2025-05-16 05:40:17.698,FTPConnectHelper,"Same file detected on local machine, skip copying LIVUManager/app/11/11_0101_20250127_001.tar.gz"
2025-05-16 05:40:17.699,FTPConnectHelper,"downloading folder from FTP LIVUManager/app/12 -> /log/Server/download/app/12"
2025-05-16 05:40:17.812,FTPConnectHelper,"downloading from FTP 1 entries"
2025-05-16 05:40:17.813,FTPConnectHelper,"Same file detected on local machine, skip copying LIVUManager/app/12/12_0101_20250127_001.tar.gz"
2025-05-16 05:40:17.814,FTPConnectHelper,"downloading folder from FTP LIVUManager/app/13 -> /log/Server/download/app/13"
2025-05-16 05:40:17.942,FTPConnectHelper,"downloading from FTP 1 entries"
2025-05-16 05:40:17.943,FTPConnectHelper,"Same file detected on local machine, skip copying LIVUManager/app/13/13_0101_20250127_001.tar.gz"
2025-05-16 05:40:17.944,FTPConnectHelper,"downloading folder from FTP LIVUManager/app/14 -> /log/Server/download/app/14"
2025-05-16 05:40:18.062,FTPConnectHelper,"downloading from FTP 1 entries"
2025-05-16 05:40:18.063,FTPConnectHelper,"Same file detected on local machine, skip copying LIVUManager/app/14/14_0101_20250127_001.tar.gz"
2025-05-16 05:40:18.064,FTPConnectHelper,"downloading folder from FTP LIVUManager/app/15 -> /log/Server/download/app/15"
2025-05-16 05:40:18.180,FTPConnectHelper,"downloading from FTP 1 entries"
2025-05-16 05:40:18.181,FTPConnectHelper,"Same file detected on local machine, skip copying LIVUManager/app/15/15_0101_20250127_001.tar.gz"
2025-05-16 05:40:18.182,FTPConnectHelper,"downloading folder from FTP LIVUManager/mast -> /log/Server/download/mast"
2025-05-16 05:40:18.325,FTPConnectHelper,"downloading from FTP 5 entries"
2025-05-16 05:40:18.327,FTPConnectHelper,"downloading folder from FTP LIVUManager/mast/01 -> /log/Server/download/mast/01"
2025-05-16 05:40:18.462,FTPConnectHelper,"downloading from FTP 1 entries"
2025-05-16 05:40:18.464,FTPConnectHelper,"Same file detected on local machine, skip copying LIVUManager/mast/01/01_0101_20240823_001.zip"
2025-05-16 05:40:18.465,FTPConnectHelper,"downloading folder from FTP LIVUManager/mast/02 -> /log/Server/download/mast/02"
2025-05-16 05:40:18.582,FTPConnectHelper,"downloading from FTP 1 entries"
2025-05-16 05:40:18.583,FTPConnectHelper,"Same file detected on local machine, skip copying LIVUManager/mast/02/02_0101_20240823_001.zip"
2025-05-16 05:40:18.585,FTPConnectHelper,"downloading folder from FTP LIVUManager/mast/03 -> /log/Server/download/mast/03"
2025-05-16 05:40:18.691,FTPConnectHelper,"downloading from FTP 1 entries"
2025-05-16 05:40:18.692,FTPConnectHelper,"Same file detected on local machine, skip copying LIVUManager/mast/03/03_0101_20250330_001.zip"
2025-05-16 05:40:18.692,FTPConnectHelper,"downloading folder from FTP LIVUManager/mast/04 -> /log/Server/download/mast/04"
2025-05-16 05:40:18.812,FTPConnectHelper,"downloading from FTP 1 entries"
2025-05-16 05:40:18.813,FTPConnectHelper,"Same file detected on local machine, skip copying LIVUManager/mast/04/04_0101_20250127_001.zip"
2025-05-16 05:40:18.814,FTPConnectHelper,"downloading folder from FTP LIVUManager/mast/05 -> /log/Server/download/mast/05"
2025-05-16 05:40:18.921,FTPConnectHelper,"downloading from FTP 1 entries"
2025-05-16 05:40:18.923,FTPConnectHelper,"Same file detected on local machine, skip copying LIVUManager/mast/05/05_0101_20240823_001.zip"
2025-05-16 05:40:18.924,UPDATE_PROCEDURE,"Download from FTP successful"
2025-05-16 05:40:18.927,UPDATE_PROCEDURE,"stop timeout (50s) now"
2025-05-16 05:40:18.927,FTPConnectHelper,"FTP Server Disconnect"
2025-05-16 05:40:18.928,UPDATE_PROCEDURE,"DownloadUpdatePackageFTP::clear instance"
2025-05-16 05:40:18.928,UPDATE_PROCEDURE,"stop timeout (50s) now"
2025-05-16 05:40:18.928,UPDATE_PROCEDURE,"Task GetUpdatePackageSomewhere finished with result DONE"
2025-05-16 05:40:18.929,UPDATE_PROCEDURE,"DownloadUpdatePackageFTP::clear instance"
2025-05-16 05:40:18.930,UPDATE_PROCEDURE,"Task ExtractUpdatePackage is starting..."
2025-05-16 05:40:18.931,UPDATE_PROCEDURE,"Performing onStarted event for ExtractUpdatePackage..."
2025-05-16 05:40:18.929,UPDATE_PROCEDURE,"Task DownloadUpdatePackageFTP finished with result DONE"
2025-05-16 05:40:18.931,UPDATE_PROCEDURE,"Start ExtractUpdatePackage using thread pool 1/30"
2025-05-16 05:40:18.932,MasterPackageRepository,"checking new package for 01, current package = 01_0101_20240823_001"
2025-05-16 05:40:18.933,UPDATE_PROCEDURE,"No new package at /log/Server/download/mast/01, skip extracting"
2025-05-16 05:40:18.934,MasterPackageRepository,"checking new package for 02, current package = 02_0101_20240823_001"
2025-05-16 05:40:18.934,UPDATE_PROCEDURE,"No new package at /log/Server/download/mast/02, skip extracting"
2025-05-16 05:40:18.935,MasterPackageRepository,"checking new package for 03, current package = 03_0101_20250330_001"
2025-05-16 05:40:18.935,UPDATE_PROCEDURE,"No new package at /log/Server/download/mast/03, skip extracting"
2025-05-16 05:40:18.936,MasterPackageRepository,"checking new package for 04, current package = 04_0101_20250127_001"
2025-05-16 05:40:18.936,UPDATE_PROCEDURE,"No new package at /log/Server/download/mast/04, skip extracting"
2025-05-16 05:40:18.937,MasterPackageRepository,"checking new package for 05, current package = 05_0101_20240823_001"
2025-05-16 05:40:18.937,UPDATE_PROCEDURE,"No new package at /log/Server/download/mast/05, skip extracting"
2025-05-16 05:40:18.938,SoftwarePackageRepository,"checking new package for 11, current package = 11_0101_20250127_001"
2025-05-16 05:40:18.939,UPDATE_PROCEDURE,"No new package at /log/Server/download/app/11, skip extracting"
2025-05-16 05:40:18.940,SoftwarePackageRepository,"checking new package for 12, current package = 12_0101_20250127_001"
2025-05-16 05:40:18.940,UPDATE_PROCEDURE,"No new package at /log/Server/download/app/12, skip extracting"
2025-05-16 05:40:18.973,ThreadRecovery,"the total process time finished in 2353ms"
2025-05-16 05:40:18.979,ABTControllerManager,"Main-Sub communicated via port 51102, cmd 0, data 000030410000FFFFFFFF00000000000000000000000000000000000000000000000000000000000000"
2025-05-16 05:40:18.984,ABTControllerManager,"Main-Sub communicated via port 51102 command メイン制御部⇒サブ制御部 0x00h with    FTP通信：禁止   ステータス：通常(Busy)   現在系統番号：-1   現在駒番号：0   エラーコードメイン：0   エラーコード1：0   エラーコード2：0   エラーコード3：0   音声合成通信状態通知：正常   起動状態通知: 起動中   起動結果通知メイン：起動成功   起動結果通知1：起動成功   起動結果通知2：起動成功   起動結果通知3：起動成功   データ部：000030410000FFFFFFFF00000000000000000000000000000000000000000000000000000000000000"
2025-05-16 05:40:18.985,UPDATE_PROCEDURE,"handling received status By Comm Main-Sub"
2025-05-16 05:40:18.985,UPDATE_PROCEDURE,"①メイン制御器からFTPアクセス許可が来たタイミング"
2025-05-16 05:40:18.986,ThreadRecovery,"the total process time finished in 11ms"
2025-05-16 05:40:19.052,ABTControllerManager,"Main-Sub communicated via port 51102, cmd 0, data 010030410000FFFFFFFF00000000000000000000000000000000000000000000000000000000000000"
2025-05-16 05:40:19.056,ABTControllerManager,"Main-Sub communicated via port 51102 command メイン制御部⇒サブ制御部 0x00h with    FTP通信：許可   ステータス：通常(Busy)   現在系統番号：-1   現在駒番号：0   エラーコードメイン：0   エラーコード1：0   エラーコード2：0   エラーコード3：0   音声合成通信状態通知：正常   起動状態通知: 起動中   起動結果通知メイン：起動成功   起動結果通知1：起動成功   起動結果通知2：起動成功   起動結果通知3：起動成功   データ部：010030410000FFFFFFFF00000000000000000000000000000000000000000000000000000000000000"
2025-05-16 05:40:19.057,UPDATE_PROCEDURE,"handling received status By Comm Main-Sub"
2025-05-16 05:40:19.058,UPDATE_PROCEDURE,"①メイン制御器からFTPアクセス許可が来たタイミング"
2025-05-16 05:40:19.059,ThreadRecovery,"the total process time finished in 11ms"
2025-05-16 05:40:19.328,UPDATE_PROCEDURE,"r_load.txt data = [LPARAM NAME=ncc_ons,VER=FE-88-13,LDATE=*, LPARAM NAME=ncc_ipl,VER=FE-85-12,LDATE=*, LPARAM NAME=ncc_pat,VER=FE-87-13,LDATE=*, LPARAM NAME=ncc,VER=FE-86-19,LDATE=*]"
2025-05-16 05:40:19.389,UPDATE_PROCEDURE,"Extract reader app successfully"
2025-05-16 05:40:19.390,UPDATE_PROCEDURE,"Extract update package finished with success = true"
2025-05-16 05:40:19.405,VehicleOperationData," Starting App with  運用モード名称: ２タッチ・全リーダー兼用 and 車両システム№: 50"
2025-05-16 05:40:20.191,UPDATE_PROCEDURE,"Active readers:[3, 4, -1, -1]"
2025-05-16 05:40:20.192,UPDATE_PROCEDURE,"getUpdatePackage & extractUpdatePackage round 1 finished"
2025-05-16 05:40:20.196,UPDATE_PROCEDURE,"Task ExtractUpdatePackage finished with result DONE"
2025-05-16 05:40:20.197,UPDATE_PROCEDURE,"Task ServeUpdatePackageFTP is starting..."
2025-05-16 05:40:20.198,UPDATE_PROCEDURE,"Performing onStarted event for ServeUpdatePackageFTP..."
2025-05-16 05:40:20.199,UPDATE_PROCEDURE,"Start ServeUpdatePackageFTP using thread pool 1/30"
2025-05-16 05:40:20.205,UPDATE_PROCEDURE,"Task GetUpdateFiles finished with result DONE"
2025-05-16 05:40:20.205,UPDATE_PROCEDURE,"Task ServeUpdatePackageFTP finished with result SKIPPED"
2025-05-16 05:40:20.207,UPDATE_PROCEDURE,"Task  is starting..."
2025-05-16 05:40:20.208,UPDATE_PROCEDURE,"Performing onStarted event for ..."
2025-05-16 05:40:20.209,UPDATE_PROCEDURE,"Start  using thread pool 2/30"
2025-05-16 05:40:20.210,UPDATE_PROCEDURE,"Task UpdateControllerApp is starting..."
2025-05-16 05:40:20.211,UPDATE_PROCEDURE,"Performing onStarted event for UpdateControllerApp..."
2025-05-16 05:40:20.212,UPDATE_PROCEDURE,"Start UpdateControllerApp using thread pool 2/30"
2025-05-16 05:40:20.213,UPDATE_PROCEDURE,"Controller app update starting..."
2025-05-16 05:40:20.216,UPDATE_PROCEDURE,"Manager app version = 343452"
2025-05-16 05:40:20.217,UPDATE_PROCEDURE,"System app version = 338612"
2025-05-16 05:40:20.217,UPDATE_PROCEDURE,"shouldUpdate(343452,/log/Server/download/app/11/LIVUManager/version.txt) ... "
2025-05-16 05:40:20.220,UPDATE_PROCEDURE,"compare current version (343452) vs available version (343450)"
2025-05-16 05:40:20.221,UPDATE_PROCEDURE,"shouldUpdate(338612,/log/Server/download/app/12/LIVUSystem/version.txt) ... "
2025-05-16 05:40:20.224,UPDATE_PROCEDURE,"compare current version (338612) vs available version (338612)"
2025-05-16 05:40:20.224,UPDATE_PROCEDURE,"checking version for LIVUManager, shouldPerformUpdate = false"
2025-05-16 05:40:20.227,UPDATE_PROCEDURE,"Task UpdateControllerApp finished with result SKIPPED"
2025-05-16 05:40:20.228,UPDATE_PROCEDURE,"Task UpdateReaderApp is starting..."
2025-05-16 05:40:20.229,UPDATE_PROCEDURE,"Performing onStarted event for UpdateReaderApp..."
2025-05-16 05:40:20.230,UPDATE_PROCEDURE,"Start UpdateReaderApp using thread pool 1/30"
2025-05-16 05:40:20.231,UPDATE_PROCEDURE,"start deploying new app... reader info [3, 4, -1, -1]"
2025-05-16 05:40:20.232,UPDATE_PROCEDURE,"maximum reader id 4"
2025-05-16 05:40:20.233,UPDATE_PROCEDURE,"app need deploying to reader 3 at 192.168.254.47"
2025-05-16 05:40:20.234,UPDATE_PROCEDURE,"app need deploying to reader 4 at 192.168.254.48"
2025-05-16 05:40:20.234,UPDATE_PROCEDURE,"deploy status = [SKIPPED, SKIPPED, SKIPPED, QUEUED, QUEUED]version check status = [SKIPPED, SKIPPED, SKIPPED, QUEUED, QUEUED]"
2025-05-16 05:40:20.235,Thread,"updating reader 3 running task at continueDeployApp, thread pool active count = 1/30"
2025-05-16 05:40:20.236,UPDATE_PROCEDURE,"trying to deploy to reader 3 at 192.168.254.47 1/10"
2025-05-16 05:40:20.237,TCP_PERIODIC,"Communicating to 192.168.254.47:51002 command 00 in Thread : Thread-45"
2025-05-16 05:40:20.238,UPDATE_PROCEDURE,"乗降リーダに対して「プログラム更新要求　94h」を送信するタイミング"
2025-05-16 05:40:20.240,TCP_PERIODIC,"Communicating to 192.168.254.47:51002 command 94 in Thread : Thread-23"
2025-05-16 05:40:20.246,TCP_PERIODIC,"successfully communicated with /192.168.254.47:51002"
2025-05-16 05:40:20.247,UPDATE_PROCEDURE,"reader 3 reporting in, mode IPL status MAYBE_OK"
2025-05-16 05:40:20.249,UPDATE_PROCEDURE,"reader 3 status changed CHECKING -> MAYBE_SKIP, temporarily mark as skipped for later consideration"
2025-05-16 05:40:20.263,TCP_PERIODIC,"successfully communicated with /192.168.254.47:51002"
2025-05-16 05:40:20.264,UPDATE_PROCEDURE,"reader 3 status changed MAYBE_SKIP -> COPYING, started an update"
2025-05-16 05:40:20.645,UPDATE_PROCEDURE,"reader 4 reporting in, mode IPL status MAYBE_OK"
2025-05-16 05:40:21.240,Thread,"updating reader 3 running task at continueDeployApp, thread pool active count = 1/30"
2025-05-16 05:40:21.240,TCP_PERIODIC,"Receive command error, 0 <- 192.168.254.47"
2025-05-16 05:40:21.630,TCP_PERIODIC,"Preparing openned 192.168.254.47:51002"
2025-05-16 05:40:21.633,TCP_PERIODIC,"Openned socket /192.168.254.47:51002"
2025-05-16 05:40:21.648,UPDATE_PROCEDURE,"reader 3 reporting in, mode IPL status UPDATE_FINISHED"
2025-05-16 05:40:21.649,UPDATE_PROCEDURE,"reader 3 status changed COPYING -> DONE, update complete, starting..."
2025-05-16 05:40:21.649,UPDATE_PROCEDURE,"starting reader 3 ip = 192.168.254.47"
2025-05-16 05:40:21.650,Thread,"updating reader 4 running task at continueDeployApp, thread pool active count = 1/30"
2025-05-16 05:40:21.651,TCP_PERIODIC,"Communicating to 192.168.254.47:51002 command 92 in Thread : Thread-24"
2025-05-16 05:40:21.652,UPDATE_PROCEDURE,"trying to deploy to reader 4 at 192.168.254.48 1/10"
2025-05-16 05:40:21.654,UPDATE_PROCEDURE,"乗降リーダに対して「プログラム更新要求　94h」を送信するタイミング"
2025-05-16 05:40:21.654,TCP_PERIODIC,"Communicating to 192.168.254.48:51002 command 00 in Thread : Thread-12"
2025-05-16 05:40:21.655,TCP_PERIODIC,"Communicating to 192.168.254.48:51002 command 94 in Thread : Thread-47"
2025-05-16 05:40:21.661,TCP_PERIODIC,"successfully communicated with /192.168.254.47:51002"
2025-05-16 05:40:21.662,TCP_PERIODIC,"successfully communicated with /192.168.254.48:51002"
2025-05-16 05:40:21.662,UPDATE_PROCEDURE,"reader 3 started, ip = 192.168.254.47, requesting reader version..."
2025-05-16 05:40:21.663,UPDATE_PROCEDURE,"requesting reader 3 app version, ip = 192.168.254.47"
2025-05-16 05:40:21.672,TCP_PERIODIC,"successfully communicated with /192.168.254.48:51002"
2025-05-16 05:40:21.674,UPDATE_PROCEDURE,"reader 4 status changed CHECKING -> COPYING, started an update"
2025-05-16 05:40:22.237,TCP_PERIODIC,"Receive command error, 0 <- 192.168.254.47"
2025-05-16 05:40:22.241,Thread,"updating reader 3 running task at continueDeployApp, thread pool active count = 1/30"
2025-05-16 05:40:22.655,Thread,"updating reader 4 running task at continueDeployApp, thread pool active count = 1/30"
2025-05-16 05:40:23.224,UPDATE_PROCEDURE,"reader 4 reporting in, mode IPL status UPDATE_FINISHED"
2025-05-16 05:40:23.225,UPDATE_PROCEDURE,"reader 4 status changed COPYING -> DONE, update complete, starting..."
2025-05-16 05:40:23.226,UPDATE_PROCEDURE,"starting reader 4 ip = 192.168.254.48"
2025-05-16 05:40:23.228,TCP_PERIODIC,"Communicating to 192.168.254.48:51002 command 92 in Thread : Thread-49"
2025-05-16 05:40:23.236,TCP_PERIODIC,"successfully communicated with /192.168.254.48:51002"
2025-05-16 05:40:23.237,UPDATE_PROCEDURE,"reader 4 started, ip = 192.168.254.48, requesting reader version..."
2025-05-16 05:40:23.238,UPDATE_PROCEDURE,"requesting reader 4 app version, ip = 192.168.254.48"
2025-05-16 05:40:23.242,Thread,"updating reader 3 running task at continueDeployApp, thread pool active count = 1/30"
2025-05-16 05:40:23.656,Thread,"updating reader 4 running task at continueDeployApp, thread pool active count = 1/30"
2025-05-16 05:40:23.734,TCP_PERIODIC,"Receive command error, 0 <- 192.168.254.48"
2025-05-16 05:40:24.243,Thread,"updating reader 3 running task at continueDeployApp, thread pool active count = 1/30"
2025-05-16 05:40:24.658,Thread,"updating reader 4 running task at continueDeployApp, thread pool active count = 1/30"
2025-05-16 05:40:25.245,Thread,"updating reader 3 running task at continueDeployApp, thread pool active count = 1/30"
2025-05-16 05:40:25.630,TCP_PERIODIC,"Preparing openned 192.168.254.47:51002"
2025-05-16 05:40:25.634,TCP_PERIODIC,"Openned socket /192.168.254.47:51002"
2025-05-16 05:40:25.649,UPDATE_PROCEDURE,"reader 3 reporting in status 00, but mode is APL, treat this as a successful update, status changed DONE -> MAYBE_SKIP, update complete,　remove EC907x-0x if exists, starting..."
2025-05-16 05:40:25.650,UPDATE_PROCEDURE,"reader 3 started, ip = 192.168.254.47, requesting reader version..."
2025-05-16 05:40:25.651,UPDATE_PROCEDURE,"requesting reader 3 app version, ip = 192.168.254.47"
2025-05-16 05:40:25.659,Thread,"updating reader 4 running task at continueDeployApp, thread pool active count = 1/30"
2025-05-16 05:40:26.140,TCP_IMPL,"Server Socket opened for 192.168.254.47:52004"
2025-05-16 05:40:26.249,Thread,"updating reader 3 running task at continueDeployApp, thread pool active count = 1/30"
2025-05-16 05:40:26.660,Thread,"updating reader 4 running task at continueDeployApp, thread pool active count = 1/30"
2025-05-16 05:40:27.131,TCP_PERIODIC,"Preparing openned 192.168.254.48:51002"
2025-05-16 05:40:27.136,TCP_PERIODIC,"Openned socket /192.168.254.48:51002"
2025-05-16 05:40:27.148,UPDATE_PROCEDURE,"reader 4 reporting in status 00, but mode is APL, treat this as a successful update, status changed DONE -> MAYBE_SKIP, update complete,　remove EC907x-0x if exists, starting..."
2025-05-16 05:40:27.149,UPDATE_PROCEDURE,"reader 4 started, ip = 192.168.254.48, requesting reader version..."
2025-05-16 05:40:27.149,UPDATE_PROCEDURE,"requesting reader 4 app version, ip = 192.168.254.48"
2025-05-16 05:40:27.251,Thread,"updating reader 3 running task at continueDeployApp, thread pool active count = 1/30"
2025-05-16 05:40:27.634,TCP_IMPL,"Server Socket opened for 192.168.254.48:52005"
2025-05-16 05:40:27.661,Thread,"updating reader 4 running task at continueDeployApp, thread pool active count = 1/30"
2025-05-16 05:40:27.665,UPDATE_PROCEDURE,"reader 3 ip = 192.168.254.47 trying to get version 1/5"
2025-05-16 05:40:27.666,TCP_PERIODIC,"Communicating to 192.168.254.47:51002 command 90 in Thread : Thread-29"
2025-05-16 05:40:27.676,TCP_PERIODIC,"successfully communicated with /192.168.254.47:51002"
2025-05-16 05:40:27.678,UPDATE_PROCEDURE,"reader 3, ip = 192.168.254.47, IPL/APL/Display/Sound version = fe8512/fe8619/fe8713/fe8813"
2025-05-16 05:40:27.679,UPDATE_PROCEDURE,"deploy status = [SKIPPED, SKIPPED, SKIPPED, DONE, DONE]version check status = [SKIPPED, SKIPPED, SKIPPED, DONE, WORKING]"
2025-05-16 05:40:28.252,Thread,"updating reader 3 running task at continueDeployApp, thread pool active count = 1/30"
2025-05-16 05:40:28.662,Thread,"updating reader 4 running task at continueDeployApp, thread pool active count = 1/30"
2025-05-16 05:40:29.240,UPDATE_PROCEDURE,"reader 4 ip = 192.168.254.48 trying to get version 1/5"
2025-05-16 05:40:29.241,TCP_PERIODIC,"Communicating to 192.168.254.48:51002 command 90 in Thread : Thread-8"
2025-05-16 05:40:29.253,Thread,"updating reader 3 running task at continueDeployApp, thread pool active count = 1/30"
2025-05-16 05:40:29.260,TCP_PERIODIC,"successfully communicated with /192.168.254.48:51002"
2025-05-16 05:40:29.261,UPDATE_PROCEDURE,"reader 4, ip = 192.168.254.48, IPL/APL/Display/Sound version = fe8512/fe8619/fe8713/fe8813"
2025-05-16 05:40:29.262,UPDATE_PROCEDURE,"update reader app finished, deploy status = [SKIPPED, SKIPPED, SKIPPED, DONE, DONE]version check status = [SKIPPED, SKIPPED, SKIPPED, DONE, DONE]"
2025-05-16 05:40:29.270,UPDATE_PROCEDURE,"remove EC907x-0x from reader 3 at 192.168.254.47"
2025-05-16 05:40:29.271,UPDATE_PROCEDURE,"remove EC907x-0x from reader 4 at 192.168.254.48"
2025-05-16 05:40:29.272,UPDATE_PROCEDURE,"Task UpdateReaderApp finished with result DONE"
2025-05-16 05:40:29.273,UPDATE_PROCEDURE,"Task UpdateSubboardApp is starting..."
2025-05-16 05:40:29.274,UPDATE_PROCEDURE,"Performing onStarted event for UpdateSubboardApp..."
2025-05-16 05:40:29.274,UPDATE_PROCEDURE,"Start UpdateSubboardApp using thread pool 1/30"
2025-05-16 05:40:29.275,UPDATE_PROCEDURE,"openning serial connection with subboard..."
2025-05-16 05:40:29.276,UPDATE_PROCEDURE,"openning new serial connection..."
2025-05-16 05:40:29.334,UPDATE_PROCEDURE,"shouldUpdate(FE8917,/log/Server/download/app/11/LIVUSub/version.txt) ... "
2025-05-16 05:40:29.337,UPDATE_PROCEDURE,"compare current version (fe8917) vs available version (fe8917)"
2025-05-16 05:40:29.337,UPDATE_PROCEDURE,"subboard doesn't need update"
2025-05-16 05:40:29.348,UPDATE_PROCEDURE,"get program mode return IPL"
2025-05-16 05:40:29.349,UPDATE_PROCEDURE,"try switching to APL, attempt 1"
2025-05-16 05:40:30.395,ABTControllerManager,"Main-Sub communicated via port 51102, cmd 0, data 0101304100000000040810000000000000000000000000000000000000000000000000000100000000"
2025-05-16 05:40:30.400,ABTControllerManager,"Main-Sub communicated via port 51102 command メイン制御部⇒サブ制御部 0x00h with    FTP通信：許可   ステータス：通常(Ready)   現在系統番号：1032   現在駒番号：16   エラーコードメイン：0   エラーコード1：0   エラーコード2：0   エラーコード3：0   音声合成通信状態通知：正常   起動状態通知: 起動完了   起動結果通知メイン：起動成功   起動結果通知1：起動成功   起動結果通知2：起動成功   起動結果通知3：起動成功   データ部：0101304100000000040810000000000000000000000000000000000000000000000000000100000000"
2025-05-16 05:40:30.400,UPDATE_PROCEDURE,"handling received status By Comm Main-Sub"
2025-05-16 05:40:30.401,UPDATE_PROCEDURE,"①メイン制御器からFTPアクセス許可が来たタイミング"
2025-05-16 05:40:30.402,ErrorManager,"データベースに 【EC9999-0】 がクリアされた"
2025-05-16 05:40:30.404,ThreadRecovery,"the total process time finished in 12ms"
2025-05-16 05:40:30.496,UPDATE_PROCEDURE,"get program mode return APL"
2025-05-16 05:40:30.512,UPDATE_PROCEDURE,"sub_board time, success = true"
2025-05-16 05:40:30.563,UPDATE_PROCEDURE,"subboard version (comspec/housou/IPL/APL) = 1//CD8010/FE8917"
2025-05-16 05:40:30.579,UPDATE_PROCEDURE,"Task  finished with result DONE"
2025-05-16 05:40:30.581,UPDATE_PROCEDURE,"Task CheckInternet is starting..."
2025-05-16 05:40:30.581,UPDATE_PROCEDURE,"Performing onStarted event for CheckInternet..."
2025-05-16 05:40:30.581,UPDATE_PROCEDURE,"Task UpdateSubboardApp finished with result SKIPPED"
2025-05-16 05:40:30.582,UPDATE_PROCEDURE,"Start CheckInternet using thread pool 2/30"
2025-05-16 05:40:30.686,LAQRA,"Requesting https://onboard.hiabt.click/dummy"
2025-05-16 05:40:30.782,LAQRA,"接続開始"
2025-05-16 05:40:31.041,LAQRA,"リクエスト書き込み開始"
2025-05-16 05:40:31.183,LAQRA,"レスポンス読み込み開始"
2025-05-16 05:40:31.191,LAQRA,"Request finished in 495ms: Response{protocol=h2, code=200, message=, url=https://onboard.hiabt.click/dummy}"
2025-05-16 05:40:31.192,UPDATE_PROCEDURE,"Task CheckInternet finished with result DONE"
2025-05-16 05:40:31.193,UPDATE_PROCEDURE,"Task DownloadAppList is starting..."
2025-05-16 05:40:31.194,UPDATE_PROCEDURE,"Performing onStarted event for DownloadAppList..."
2025-05-16 05:40:31.194,UPDATE_PROCEDURE,"Start DownloadAppList using thread pool 1/30"
2025-05-16 05:40:31.195,UPDATE_PROCEDURE,"getting app version list..."
2025-05-16 05:40:31.199,UPDATE_PROCEDURE,"sending app version list request..."
2025-05-16 05:40:31.203,LAQRA,"Requesting https://onboard.hiabt.click/api/v1/aplver with {_apiId_:_BWBA500N_,_businessType_:_00_,_requestId_:_0_,_vehicleInfo_:{_machineId_:_01156002_,_corporateCode_:_0101_,_officeCode_:_0042_,_machineCode_:_10_,_vehicleNumber_:_01156_},_applicationVerList_:[{_id_:_11_,_version_:_20250127_001_},{_id_:_12_,_version_:_20250127_001_},{_id_:_13_,_version_:_20250127_001_},{_id_:_14_,_version_:_20250127_001_},{_id_:_15_,_version_:_20250127_001_}]}"
2025-05-16 05:40:31.214,LAQRA,"リクエスト書き込み開始"
2025-05-16 05:40:31.423,LAQRA,"レスポンス読み込み開始"
2025-05-16 05:40:31.427,AccessTokenInterceptor,"Requesting https://hiabt-prd-onboard.auth.ap-northeast-1.amazoncognito.com/oauth2/token with grant_type=client_credentials&client_id: 01156002"
2025-05-16 05:40:32.087,AccessTokenInterceptor,"new token: eyJraWQiOiJEUDU0M1lySG9CbjZUVFl4cGJVc0hCcDJ2cVpoWkFMXC8yWVZnUWhwa0xrRT0iLCJhbGciOiJSUzI1NiJ9.eyJzdWIiOiIzbmNyZm4xajk3dDNja2NrdWhnbzgwdGxvZSIsInRva2VuX3VzZSI6ImFjY2VzcyIsInNjb3BlIjoicHJkb25ib2FyZFwvcHJkb25ib2FyZCIsImF1dGhfdGltZSI6MTc0NzM0MTYzNSwiaXNzIjoiaHR0cHM6XC9cL2NvZ25pdG8taWRwLmFwLW5vcnRoZWFzdC0xLmFtYXpvbmF3cy5jb21cL2FwLW5vcnRoZWFzdC0xX2VyTFhDbEVTZSIsImV4cCI6MTc0NzQyODAzNSwiaWF0IjoxNzQ3MzQxNjM1LCJ2ZXJzaW9uIjoyLCJqdGkiOiI1NDBlZGQzYS1iMGNmLTRmNDMtOWZjMS1hMDU2MTc3ZDFkYTYiLCJjbGllbnRfaWQiOiIzbmNyZm4xajk3dDNja2NrdWhnbzgwdGxvZSJ9.VR5ABG4wZAywDDb7cyY4iJvxM3TtEX5d3XDiAQlyvEUH9bh6b6AoprVpheq-c-AQ9FDahgU34joMjakv2fAnm_w42SqTg1ngkHuQvKylfW9CBaRCyE3egjTV33rBCx8JjSS-VqV3GVGkKChlKAZY9sF32MrOKZKm2NLcUs-BTa2DSI92puQ3ZA1s3bKfwJ_Dzv9UFIpVDfKudRXm65VRP3Sc9w4Ba5z5KifUrQ7eV1vzG3eFpuFlRS5uzMT4Gl3mDaDGhk4LQCE2eMXWBJWPINlqEW_3VTrmDMjav6sWdIkxIzclqbMlnyXOGSf3TnZS24T4DRM-3yv6JnqSYDMY5g"
2025-05-16 05:40:32.122,LAQRA,"リクエスト書き込み開始"
2025-05-16 05:40:32.274,LAQRA,"レスポンス読み込み開始"
2025-05-16 05:40:32.277,LAQRA,"Request finished in 1074ms: Response{protocol=h2, code=200, message=, url=https://onboard.hiabt.click/api/v1/aplver}"
2025-05-16 05:40:32.279,LAQRA,"Received {_resultCode_:_0000_,_resultDetailCode_:_9200_,_outputApplicationVerList_:[]}"
2025-05-16 05:40:32.280,UPDATE_PROCEDURE,"Task DownloadAppList finished with result DONE"
2025-05-16 05:40:32.281,UPDATE_PROCEDURE,"Task DownloadMasterList is starting..."
2025-05-16 05:40:32.281,UPDATE_PROCEDURE,"Performing onStarted event for DownloadMasterList..."
2025-05-16 05:40:32.282,UPDATE_PROCEDURE,"Start DownloadMasterList using thread pool 2/30"
2025-05-16 05:40:32.282,UPDATE_PROCEDURE,"getting master version list..."
2025-05-16 05:40:32.287,LAQRA,"Requesting https://onboard.hiabt.click/api/v1/masterver with {_apiId_:_BWBA400N_,_businessType_:_00_,_requestId_:_0_,_vehicleInfo_:{_machineId_:_01156002_,_corporateCode_:_0101_,_officeCode_:_0042_,_machineCode_:_10_,_vehicleNumber_:_01156_},_masterVerList_:[{_id_:_01_,_version_:_20240823_001_},{_id_:_02_,_version_:_20240823_001_},{_id_:_03_,_version_:_20250330_001_},{_id_:_04_,_version_:_20250127_001_},{_id_:_05_,_version_:_20240823_001_}]}"
2025-05-16 05:40:32.301,LAQRA,"リクエスト書き込み開始"
2025-05-16 05:40:32.447,LAQRA,"レスポンス読み込み開始"
2025-05-16 05:40:32.450,LAQRA,"Request finished in 159ms: Response{protocol=h2, code=200, message=, url=https://onboard.hiabt.click/api/v1/masterver}"
2025-05-16 05:40:32.451,LAQRA,"Requested https://onboard.hiabt.click/api/v1/masterver returned {_resultCode_:_0000_,_resultDetailCode_:_9100_,_outputMasterVerList_:[]}"
2025-05-16 05:40:32.452,UPDATE_PROCEDURE,"write version meta data to files with result: DONE"
2025-05-16 05:40:32.454,MasterPackageRepository,"Found valid master package name: 01_0101_20240823_001, current package name is 01_0101_20240823_001"
2025-05-16 05:40:32.455,MasterPackageRepository,"Found valid master package name: 02_0101_20240823_001, current package name is 02_0101_20240823_001"
2025-05-16 05:40:32.455,MasterPackageRepository,"Found valid master package name: 03_0101_20250330_001, current package name is 03_0101_20250330_001"
2025-05-16 05:40:32.456,MasterPackageRepository,"Found valid master package name: 04_0101_20250127_001, current package name is 04_0101_20250127_001"
2025-05-16 05:40:32.456,MasterPackageRepository,"Found valid master package name: 05_0101_20240823_001, current package name is 05_0101_20240823_001"
2025-05-16 05:40:32.460,SoftwarePackageRepository,"Found valid software package name: 11_0101_20250127_001, current package name is 11_0101_20250127_001"
2025-05-16 05:40:32.461,SoftwarePackageRepository,"Found valid software package name: 12_0101_20250127_001, current package name is 12_0101_20250127_001"
2025-05-16 05:40:32.462,SoftwarePackageRepository,"Found valid software package name: 13_0101_20250127_001, current package name is 13_0101_20250127_001"
2025-05-16 05:40:32.462,SoftwarePackageRepository,"Found valid software package name: 14_0101_20250127_001, current package name is 14_0101_20250127_001"
2025-05-16 05:40:32.463,SoftwarePackageRepository,"Found valid software package name: 15_0101_20250127_001, current package name is 15_0101_20250127_001"
2025-05-16 05:40:32.468,UPDATE_PROCEDURE,"Task SyncTime is starting..."
2025-05-16 05:40:32.469,UPDATE_PROCEDURE,"Performing onStarted event for SyncTime..."
2025-05-16 05:40:32.469,UPDATE_PROCEDURE,"Start SyncTime using thread pool 1/30"
2025-05-16 05:40:32.470,UPDATE_PROCEDURE,"Task RecoverReader is starting..."
2025-05-16 05:40:32.470,UPDATE_PROCEDURE,"Performing onStarted event for RecoverReader..."
2025-05-16 05:40:32.471,UPDATE_PROCEDURE,"Start RecoverReader using thread pool 2/30"
2025-05-16 05:40:32.472,UPDATE_PROCEDURE,"getUpdateFiles:  DONE"
2025-05-16 05:40:32.472,UPDATE_PROCEDURE,"controllerApp:  SKIPPED"
2025-05-16 05:40:32.473,UPDATE_PROCEDURE,"subboardApp:  SKIPPED"
2025-05-16 05:40:32.474,UPDATE_PROCEDURE,"readerApp:  DONE"
2025-05-16 05:40:32.474,UPDATE_PROCEDURE,"checkInternet:  DONE"
2025-05-16 05:40:32.475,UPDATE_PROCEDURE,"reportDownloadedApp:  DONE"
2025-05-16 05:40:32.475,UPDATE_PROCEDURE,"reportDownloadedMaster:  DONE"
2025-05-16 05:40:32.475,LAQRA,"Requesting https://onboard.hiabt.click/api/v1/geturl with {_apiId_:_BWBA600N_,_businessType_:_00_,_requestId_:_0_,_vehicleInfo_:{_machineId_:_01156002_,_corporateCode_:_0101_,_officeCode_:_0042_,_machineCode_:_10_,_vehicleNumber_:_01156_}}"
2025-05-16 05:40:32.479,UPDATE_PROCEDURE,"system update check finished in 56549ms"
2025-05-16 05:40:32.482,UPDATE_PROCEDURE,"Task DownloadMasterList finished with result DONE"
2025-05-16 05:40:32.482,UPDATE_PROCEDURE,"Success. No Retry, clear error ERROR_SUB_CONTROLLER_1_OVER_RETRY"
2025-05-16 05:40:32.483,FRAMManager,"FRAMから必要な情報を取得している。"
2025-05-16 05:40:32.489,LAQRA,"リクエスト書き込み開始"
2025-05-16 05:40:32.511,ROUTE_DATA,"setStopSequence(16) ->  ticket number: 53 sequence name: [0053]日赤病院前 next route: -1 route: 1032"
2025-05-16 05:40:32.513,FRAMManager,"FRAMから系統・駒番号固定取得が完了しました。系統・駒番号固定:　false"
2025-05-16 05:40:32.516,FRAMManager,"FRAMから必要な情報取得が完了しました。"
2025-05-16 05:40:32.521,TCP_CMD10H,"COMMAND 10H DATA ----------------------->>>>> : address 192.168.254.47 Reader Screen Number: 1C	data　section: 0101000000000000000000000000001C1C3535FFFFFF000000FFFF000000000000FFFFFFFFFFFF000000FFFFFFFFFFFF0000000251528352815B836882F082A982B482B582C482AD82BE82B382A281420D0A000000000000000000000000000000000000000000000000000000000000000000000000 Timeout: 0000"
2025-05-16 05:40:32.522,TCP_PERIODIC,"Communicating to 192.168.254.47:51002 command 10 in Thread : Thread-34"
2025-05-16 05:40:32.527,ReaderDoorRequestController,"request is ready to start with readerLocation: 0   doorStatus: 00"
2025-05-16 05:40:32.527,ReaderDoorRequestController,"Door Status is CLOSE"
2025-05-16 05:40:32.528,ReaderDoorRequestController,"Door Handler is running with delay 5s"
2025-05-16 05:40:32.530,LAQRA,"Process App Status: ACTIVE"
2025-05-16 05:40:32.533,ReaderDoorRequestController,"request is ready to start with readerLocation: 1   doorStatus: 00"
2025-05-16 05:40:32.533,ReaderDoorRequestController,"Door Status is CLOSE"
2025-05-16 05:40:32.535,ReaderDoorRequestController,"Door Handler is running with delay 5s"
2025-05-16 05:40:32.536,UPDATE_PROCEDURE,"Task UpdateProcedure finished with result DONE"
2025-05-16 05:40:32.537,TCP_PERIODIC,"successfully communicated with /192.168.254.47:51002"
2025-05-16 05:40:32.539,BrightnessController,"Got message from the Broadcast of Brightness Controller with message: CHANGE_BRIGHTNESS_BY_CAB_STATE_SIGNAL"
2025-05-16 05:40:32.540,BrightnessController,"Window of app will set FLAG_NOT_TOUCHABLE flag. Disable/Block Touch in Screen ...."
2025-05-16 05:40:32.545,BrightnessController,"禁止画面 will be shown ...."
2025-05-16 05:40:32.548,BrightnessController,"Got message from the Broadcast of Brightness Controller with message: CHANGE_BRIGHTNESS_BY_DOOR_SIGNAL"
2025-05-16 05:40:32.550,SubBoardPollingThread,"Start sub-board polling thread"
2025-05-16 05:40:32.559,TCP_CMD10H,"COMMAND 10H DATA ----------------------->>>>> : address 192.168.254.48 Reader Screen Number: 1C	data　section: 0101000000000000000000000000001C1C3535FFFFFF000000FFFF000000000000FFFFFFFFFFFF000000FFFFFFFFFFFF0000000251528352815B836882F082A982B482B582C482AD82BE82B382A281420D0A000000000000000000000000000000000000000000000000000000000000000000000000 Timeout: 0000"
2025-05-16 05:40:32.562,TCP_PERIODIC,"Communicating to 192.168.254.48:51002 command 10 in Thread : Thread-34"
2025-05-16 05:40:32.568,TCP_CMD10H,"COMMAND 10H DATA ----------------------->>>>> : address 192.168.254.47 Reader Screen Number: 1F	data　section: 0000000000000000000000000000001F1F3523FFFFFF000000FFFF000000000000FFFFFFFFFFFF000000FFFFFFFFFFFF000000000D0A00000000000000000000000000000000000000000000000000000000000000000000000000000000000000000000000000000000000000000000000000000000 Timeout: 0000"
2025-05-16 05:40:32.571,TCP_PERIODIC,"Communicating to 192.168.254.47:51002 command 10 in Thread : Thread-9"
2025-05-16 05:40:32.579,TCP_PERIODIC,"successfully communicated with /192.168.254.48:51002"
2025-05-16 05:40:32.585,TCP_CMD10H,"COMMAND 10H DATA ----------------------->>>>> : address 192.168.254.48 Reader Screen Number: 1F	data　section: 0000000000000000000000000000001F1F3523FFFFFF000000FFFF000000000000FFFFFFFFFFFF000000FFFFFFFFFFFF000000000D0A00000000000000000000000000000000000000000000000000000000000000000000000000000000000000000000000000000000000000000000000000000000 Timeout: 0000"
2025-05-16 05:40:32.586,TCP_PERIODIC,"Communicating to 192.168.254.48:51002 command 10 in Thread : Thread-9"
2025-05-16 05:40:32.590,TCP_CMD10H,"COMMAND 10H DATA ----------------------->>>>> : address 192.168.254.47 Reader Screen Number: 1F	data　section: 0000000000000000000000000000001F1F35FFFFFFFF000000FFFF000000000000FFFFFFFFFFFF000000FFFFFFFFFFFF000000000D0A00000000000000000000000000000000000000000000000000000000000000000000000000000000000000000000000000000000000000000000000000000000 Timeout: 0000"
2025-05-16 05:40:32.591,TCP_PERIODIC,"Communicating to 192.168.254.47:51002 command 10 in Thread : Thread-35"
2025-05-16 05:40:32.595,TCP_CMD10H,"COMMAND 10H DATA ----------------------->>>>> : address 192.168.254.48 Reader Screen Number: 1F	data　section: 0000000000000000000000000000001F1F35FFFFFFFF000000FFFF000000000000FFFFFFFFFFFF000000FFFFFFFFFFFF000000000D0A00000000000000000000000000000000000000000000000000000000000000000000000000000000000000000000000000000000000000000000000000000000 Timeout: 0000"
2025-05-16 05:40:32.597,TCP_PERIODIC,"Communicating to 192.168.254.48:51002 command 10 in Thread : Thread-35"
2025-05-16 05:40:32.614,TCP_PERIODIC,"successfully communicated with /192.168.254.47:51002"
2025-05-16 05:40:32.633,SYNC_TIME,"Time from time.aws.com: Fri May 16 05:40:35 GMT+09:00 2025"
2025-05-16 05:40:35.604,ABTControllerManager,"Main-Sub communicated via port 51102, cmd 0, data 0101304100000000040810000000000000000000000000000000000000000000000000000100000000"
2025-05-16 05:40:35.622,UPDATE_PROCEDURE,"Task SyncTime finished with result DONE"
2025-05-16 05:40:35.624,ABTControllerManager,"Main-Sub communicated via port 51102 command メイン制御部⇒サブ制御部 0x00h with    FTP通信：許可   ステータス：通常(Ready)   現在系統番号：1032   現在駒番号：16   エラーコードメイン：0   エラーコード1：0   エラーコード2：0   エラーコード3：0   音声合成通信状態通知：正常   起動状態通知: 起動完了   起動結果通知メイン：起動成功   起動結果通知1：起動成功   起動結果通知2：起動成功   起動結果通知3：起動成功   データ部：0101304100000000040810000000000000000000000000000000000000000000000000000100000000"
2025-05-16 05:40:35.632,LAQRA,"レスポンス読み込み開始"
2025-05-16 05:40:35.625,UPDATE_PROCEDURE,"handling received status By Comm Main-Sub"
2025-05-16 05:40:35.640,UPDATE_PROCEDURE,"①メイン制御器からFTPアクセス許可が来たタイミング"
2025-05-16 05:40:35.640,ScreenControlManager,"外部入力1PIN：扉信号 is received with status false setting value: Hi"
2025-05-16 05:40:35.642,ThreadRecovery,"the total process time finished in 3021ms"
2025-05-16 05:40:35.649,TCP_PERIODIC,"successfully communicated with /192.168.254.47:51002"
2025-05-16 05:40:35.656,TCP_PERIODIC,"successfully communicated with /192.168.254.48:51002"
2025-05-16 05:40:35.659,LAQRA,"Request finished in 3183ms: Response{protocol=h2, code=200, message=, url=https://onboard.hiabt.click/api/v1/geturl}"
2025-05-16 05:40:35.668,LAQRA,"Received {_resultCode_:_0000_,_resultDetailCode_:_9300_,_uploadUrl_:{_uploadUrl_:_https://prd-s3-hiabt-onboard-file-share.s3.ap-northeast-1.amazonaws.com/0101/0042/01156/log_20250516_054035_01156_002.tar.gz?X-Amz-Algorithm=AWS4-HMAC-SHA256&X-Amz-Date=20250515T204035Z&X-Amz-SignedHeaders=content-type%3Bhost&X-Amz-Expires=3600&X-Amz-Credential=AKIAX3NXKWZ6EILAYREU%2F20250515%2Fap-northeast-1%2Fs3%2Faws4_request&X-Amz-Signature=10dfc59ddd31dd23498be58335bf647d7971711108dc1f42842834201ca19de5_}}"
2025-05-16 05:40:35.680,LAQRA,"resultCode: 0000,resultDetailCode: 9300,url: https://prd-s3-hiabt-onboard-file-share.s3.ap-northeast-1.amazonaws.com/0101/0042/01156/log_20250516_054035_01156_002.tar.gz?X-Amz-Algorithm=AWS4-HMAC-SHA256&X-Amz-Date=20250515T204035Z&X-Amz-SignedHeaders=content-type%3Bhost&X-Amz-Expires=3600&X-Amz-Credential=AKIAX3NXKWZ6EILAYREU%2F20250515%2Fap-northeast-1%2Fs3%2Faws4_request&X-Amz-Signature=10dfc59ddd31dd23498be58335bf647d7971711108dc1f42842834201ca19de5,"
